original_index,y_orig,y_target,n_nodes,distance          ,n_detections,calls,detections_per_node                       ,distribution_scheme,dataset,detections_all
7270          ,1     ,3       ,1      ,2.261190063216981 ,485         ,25000,[485]                                     ,round_robin        ,mnist  ,"[[51, 62, 51, 51, 54, 51, 51, 88, 51, 51, 51, 52, 51, 51, 51, 96, 51, 51, 51, 51, 53, 51, 51, 51, 51, 72, 51, 51, 51, 51, 51, 52, 51, 51, 51, 51, 51, 53, 51, 51, 51, 51, 51, 71, 51, 51, 51, 51, 51, 51, 52, 51, 51, 51, 51, 51, 51, 52, 51, 51, 51, 51, 51, 51, 52, 51, 51, 51, 51, 51, 51, 51, 52, 51, 51, 51, 51, 51, 51, 51, 52, 51, 51, 51, 51, 51, 51, 51, 52, 51, 51, 51, 51, 51, 51, 51, 53, 51, 51, 51, 51, 51, 51, 51, 51, 52, 51, 51, 51, 51, 51, 51, 51, 78, 51, 51, 51, 51, 51, 51, 51, 51, 52, 51, 51, 51, 51, 51, 51, 51, 51, 64, 51, 51, 51, 51, 51, 51, 51, 51, 51, 51, 51, 51, 51, 51, 51, 51, 51, 51, 53, 51, 51, 51, 51, 51, 51, 51, 51, 51, 52, 51, 51, 51, 51, 51, 51, 51, 51, 51, 53, 51, 51, 51, 51, 51, 51, 51, 51, 51, 55, 51, 51, 51, 51, 51, 51, 51, 51, 51, 51, 52, 51, 51, 51, 51, 51, 51, 51, 51, 51, 51, 51, 51, 51, 51, 51, 51, 51, 51, 51, 51, 53, 51, 51, 51, 51, 51, 51, 51, 51, 51, 51, 53, 51, 51, 51, 51, 51, 51, 51, 51, 51, 51, 51, 52, 51, 51, 51, 51, 51, 51, 51, 51, 51, 51, 52, 51, 51, 51, 51, 51, 51, 51, 51, 51, 51, 56, 51, 51, 51, 51, 51, 51, 51, 51, 51, 51, 51, 52, 51, 51, 51, 51, 51, 51, 51, 51, 51, 51, 51, 53, 51, 51, 51, 51, 51, 51, 51, 51, 51, 51, 51, 52, 51, 51, 51, 51, 51, 51, 51, 51, 51, 51, 51, 52, 51, 51, 51, 51, 51, 51, 51, 51, 51, 51, 51, 51, 52, 51, 51, 51, 51, 51, 51, 51, 51, 51, 51, 51, 52, 51, 51, 51, 51, 51, 51, 51, 51, 51, 51, 51, 51, 52, 51, 51, 51, 51, 51, 51, 51, 51, 51, 51, 51, 51, 51, 51, 51, 51, 51, 51, 51, 51, 51, 51, 51, 51, 51, 52, 51, 51, 51, 51, 51, 51, 51, 51, 51, 51, 51, 51, 52, 51, 51, 51, 51, 51, 51, 51, 51, 51, 51, 51, 51, 52, 51, 51, 51, 51, 51, 51, 51, 51, 51, 51, 51, 51, 51, 51, 51, 51, 51, 51, 51, 51, 51, 51, 51, 51, 51, 51, 52, 51, 51, 51, 51, 51, 51, 51, 51, 51, 51, 51, 51, 51, 52, 51, 51, 51, 51, 51, 51, 51, 51, 51, 51, 51, 51, 51, 51, 51, 51, 51, 51, 51, 51, 51, 51, 51, 51, 51, 51, 51, 51, 51, 51, 51, 51, 51, 51, 51, 51, 51, 51, 51, 51, 51, 51, 51, 51, 51, 51, 51, 52]]"
860           ,6     ,7       ,1      ,3.0551842925784225,469         ,25000,[469]                                     ,round_robin        ,mnist  ,"[[88, 51, 51, 54, 51, 51, 87, 51, 51, 51, 62, 51, 51, 51, 87, 51, 51, 51, 51, 54, 51, 51, 51, 51, 78, 51, 51, 51, 51, 94, 51, 51, 51, 51, 51, 61, 51, 51, 51, 51, 51, 75, 51, 51, 51, 51, 51, 90, 51, 51, 51, 51, 51, 51, 55, 51, 51, 51, 51, 51, 51, 64, 51, 51, 51, 51, 51, 51, 94, 51, 51, 51, 51, 51, 51, 87, 51, 51, 51, 51, 51, 51, 51, 70, 51, 51, 51, 51, 51, 51, 51, 62, 51, 51, 51, 51, 51, 51, 51, 91, 51, 51, 51, 51, 51, 51, 51, 77, 51, 51, 51, 51, 51, 51, 51, 51, 60, 51, 51, 51, 51, 51, 51, 51, 51, 77, 51, 51, 51, 51, 51, 51, 51, 51, 71, 51, 51, 51, 51, 51, 51, 51, 51, 93, 51, 51, 51, 51, 51, 51, 51, 51, 90, 51, 51, 51, 51, 51, 51, 51, 51, 51, 58, 51, 51, 51, 51, 51, 51, 51, 51, 51, 70, 51, 51, 51, 51, 51, 51, 51, 51, 51, 74, 51, 51, 51, 51, 51, 51, 51, 51, 51, 80, 51, 51, 51, 51, 51, 51, 51, 51, 51, 51, 54, 51, 51, 51, 51, 51, 51, 51, 51, 51, 51, 54, 51, 51, 51, 51, 51, 51, 51, 51, 51, 51, 55, 51, 51, 51, 51, 51, 51, 51, 51, 51, 51, 77, 51, 51, 51, 51, 51, 51, 51, 51, 51, 51, 72, 51, 51, 51, 51, 51, 51, 51, 51, 51, 51, 83, 51, 51, 51, 51, 51, 51, 51, 51, 51, 51, 51, 57, 51, 51, 51, 51, 51, 51, 51, 51, 51, 51, 51, 58, 51, 51, 51, 51, 51, 51, 51, 51, 51, 51, 51, 60, 51, 51, 51, 51, 51, 51, 51, 51, 51, 51, 51, 74, 51, 51, 51, 51, 51, 51, 51, 51, 51, 51, 51, 69, 51, 51, 51, 51, 51, 51, 51, 51, 51, 51, 51, 78, 51, 51, 51, 51, 51, 51, 51, 51, 51, 51, 51, 51, 60, 51, 51, 51, 51, 51, 51, 51, 51, 51, 51, 51, 51, 55, 51, 51, 51, 51, 51, 51, 51, 51, 51, 51, 51, 51, 60, 51, 51, 51, 51, 51, 51, 51, 51, 51, 51, 51, 51, 66, 51, 51, 51, 51, 51, 51, 51, 51, 51, 51, 51, 51, 64, 51, 51, 51, 51, 51, 51, 51, 51, 51, 51, 51, 51, 73, 51, 51, 51, 51, 51, 51, 51, 51, 51, 51, 51, 51, 51, 55, 51, 51, 51, 51, 51, 51, 51, 51, 51, 51, 51, 51, 97, 51, 51, 51, 51, 51, 51, 51, 51, 51, 51, 51, 51, 51, 54, 51, 51, 51, 51, 51, 51, 51, 51, 51, 51, 51, 51, 51, 54, 51, 51, 51, 51, 51]]"
6265          ,4     ,2       ,1      ,2.4651353827054354,476         ,25000,[476]                                     ,round_robin        ,mnist  ,"[[51, 63, 51, 51, 54, 51, 51, 85, 51, 51, 51, 54, 51, 51, 51, 96, 51, 51, 51, 51, 54, 51, 51, 51, 51, 71, 51, 51, 51, 51, 100, 51, 51, 51, 51, 51, 62, 51, 51, 51, 51, 51, 74, 51, 51, 51, 51, 51, 94, 51, 51, 51, 51, 51, 51, 54, 51, 51, 51, 51, 51, 51, 67, 51, 51, 51, 51, 51, 51, 72, 51, 51, 51, 51, 51, 51, 51, 62, 51, 51, 51, 51, 51, 51, 51, 54, 51, 51, 51, 51, 51, 51, 51, 68, 51, 51, 51, 51, 51, 51, 51, 71, 51, 51, 51, 51, 51, 51, 51, 51, 53, 51, 51, 51, 51, 51, 51, 51, 51, 62, 51, 51, 51, 51, 51, 51, 51, 51, 69, 51, 51, 51, 51, 51, 51, 51, 51, 75, 51, 51, 51, 51, 51, 51, 51, 51, 81, 51, 51, 51, 51, 51, 51, 51, 51, 51, 53, 51, 51, 51, 51, 51, 51, 51, 51, 51, 53, 51, 51, 51, 51, 51, 51, 51, 51, 51, 58, 51, 51, 51, 51, 51, 51, 51, 51, 51, 54, 51, 51, 51, 51, 51, 51, 51, 51, 51, 51, 53, 51, 51, 51, 51, 51, 51, 51, 51, 51, 51, 53, 51, 51, 51, 51, 51, 51, 51, 51, 51, 51, 53, 51, 51, 51, 51, 51, 51, 51, 51, 51, 51, 55, 51, 51, 51, 51, 51, 51, 51, 51, 51, 51, 81, 51, 51, 51, 51, 51, 51, 51, 51, 51, 51, 77, 51, 51, 51, 51, 51, 51, 51, 51, 51, 51, 54, 51, 51, 51, 51, 51, 51, 51, 51, 51, 51, 51, 53, 51, 51, 51, 51, 51, 51, 51, 51, 51, 51, 51, 67, 51, 51, 51, 51, 51, 51, 51, 51, 51, 51, 51, 77, 51, 51, 51, 51, 51, 51, 51, 51, 51, 51, 51, 53, 51, 51, 51, 51, 51, 51, 51, 51, 51, 51, 51, 51, 52, 51, 51, 51, 51, 51, 51, 51, 51, 51, 51, 51, 55, 51, 51, 51, 51, 51, 51, 51, 51, 51, 51, 51, 51, 54, 51, 51, 51, 51, 51, 51, 51, 51, 51, 51, 51, 51, 69, 51, 51, 51, 51, 51, 51, 51, 51, 51, 51, 51, 51, 54, 51, 51, 51, 51, 51, 51, 51, 51, 51, 51, 51, 51, 68, 51, 51, 51, 51, 51, 51, 51, 51, 51, 51, 51, 51, 54, 51, 51, 51, 51, 51, 51, 51, 51, 51, 51, 51, 51, 51, 60, 51, 51, 51, 51, 51, 51, 51, 51, 51, 51, 51, 51, 54, 51, 51, 51, 51, 51, 51, 51, 51, 51, 51, 51, 51, 51, 73, 51, 51, 51, 51, 51, 51, 51, 51, 51, 51, 51, 51, 51, 56, 51, 51, 51, 51, 51, 51, 51, 51, 51, 51, 51, 51, 51, 53, 51, 51, 51, 51, 51]]"
4426          ,9     ,7       ,1      ,1.5072279249247527,487         ,25000,[487]                                     ,round_robin        ,mnist  ,"[[51, 60, 51, 51, 53, 51, 51, 87, 51, 51, 51, 62, 51, 51, 51, 83, 51, 51, 51, 51, 51, 51, 51, 51, 51, 53, 51, 51, 51, 51, 51, 51, 51, 51, 51, 51, 51, 51, 51, 51, 51, 51, 51, 51, 51, 51, 51, 51, 51, 51, 51, 51, 51, 51, 51, 51, 51, 51, 51, 51, 51, 51, 51, 51, 51, 51, 51, 51, 51, 51, 51, 51, 51, 51, 51, 51, 51, 51, 51, 51, 51, 51, 51, 51, 51, 51, 51, 51, 51, 51, 51, 51, 51, 51, 51, 51, 51, 51, 51, 51, 51, 51, 51, 51, 51, 51, 51, 51, 51, 51, 51, 51, 51, 51, 51, 51, 51, 51, 51, 51, 51, 51, 51, 51, 51, 51, 51, 51, 51, 51, 51, 51, 51, 51, 51, 51, 51, 51, 51, 51, 51, 51, 52, 51, 51, 51, 51, 51, 51, 51, 51, 51, 51, 51, 51, 51, 51, 51, 51, 51, 51, 51, 51, 51, 51, 51, 51, 51, 51, 51, 51, 51, 51, 51, 51, 51, 51, 51, 51, 51, 51, 51, 51, 51, 51, 51, 51, 51, 51, 51, 51, 51, 51, 51, 51, 51, 51, 51, 51, 51, 51, 51, 51, 51, 51, 51, 51, 51, 51, 51, 51, 51, 51, 51, 53, 51, 51, 51, 51, 51, 51, 51, 51, 51, 51, 53, 51, 51, 51, 51, 51, 51, 51, 51, 51, 51, 51, 51, 51, 51, 51, 51, 51, 51, 51, 51, 51, 51, 51, 51, 51, 51, 51, 51, 51, 51, 51, 51, 51, 51, 51, 51, 51, 51, 51, 51, 51, 51, 51, 51, 51, 51, 51, 51, 51, 51, 51, 51, 51, 51, 51, 51, 51, 51, 51, 51, 51, 51, 51, 51, 51, 51, 51, 51, 51, 51, 51, 51, 51, 51, 51, 51, 51, 51, 51, 51, 51, 51, 51, 51, 51, 51, 51, 51, 51, 51, 51, 51, 51, 51, 51, 51, 51, 51, 51, 51, 51, 51, 51, 51, 51, 51, 51, 51, 51, 51, 51, 51, 51, 51, 51, 51, 51, 51, 51, 51, 51, 51, 51, 51, 51, 51, 51, 51, 51, 51, 51, 51, 51, 51, 51, 51, 51, 51, 51, 51, 51, 51, 51, 51, 51, 51, 51, 51, 51, 51, 51, 51, 51, 51, 51, 51, 51, 51, 51, 51, 51, 51, 51, 51, 51, 51, 51, 51, 51, 51, 51, 51, 51, 51, 51, 51, 51, 51, 51, 51, 51, 51, 51, 51, 51, 51, 51, 51, 51, 51, 51, 51, 51, 51, 51, 51, 51, 51, 51, 51, 51, 51, 51, 51, 51, 51, 51, 51, 51, 51, 51, 51, 51, 51, 51, 51, 51, 51, 51, 51, 51, 51, 51, 51, 51, 51, 51, 51, 51, 51, 51, 51, 51, 51, 51, 51, 51, 51, 51, 51, 51, 51, 51, 51, 51, 51, 51, 51, 51, 51, 51, 51, 51, 51, 53, 51, 51, 51, 51, 51, 51]]"
8322          ,9     ,5       ,1      ,1.7896837221918858,486         ,25000,[486]                                     ,round_robin        ,mnist  ,"[[51, 64, 51, 51, 53, 51, 51, 82, 51, 51, 51, 64, 51, 51, 51, 83, 51, 51, 51, 51, 52, 51, 51, 51, 51, 66, 51, 51, 51, 51, 51, 51, 51, 51, 51, 51, 51, 52, 51, 51, 51, 51, 51, 77, 51, 51, 51, 51, 51, 51, 52, 51, 51, 51, 51, 51, 51, 51, 51, 51, 51, 51, 51, 51, 51, 51, 51, 51, 51, 51, 51, 51, 51, 51, 51, 51, 51, 51, 51, 51, 51, 51, 51, 51, 51, 51, 51, 51, 51, 51, 51, 51, 51, 51, 51, 51, 51, 51, 51, 51, 51, 51, 51, 51, 51, 51, 51, 51, 51, 51, 51, 51, 51, 51, 51, 51, 51, 51, 51, 51, 51, 51, 51, 51, 51, 51, 51, 51, 51, 51, 51, 51, 52, 51, 51, 51, 51, 51, 51, 51, 51, 51, 51, 51, 51, 51, 51, 51, 51, 51, 51, 51, 51, 51, 51, 51, 51, 51, 51, 51, 51, 52, 51, 51, 51, 51, 51, 51, 51, 51, 51, 51, 51, 51, 51, 51, 51, 51, 51, 51, 51, 51, 51, 51, 51, 51, 51, 51, 51, 51, 51, 51, 51, 51, 51, 51, 51, 51, 51, 51, 51, 51, 51, 51, 51, 51, 51, 51, 51, 51, 51, 51, 51, 51, 51, 51, 51, 51, 51, 51, 51, 51, 51, 51, 51, 51, 51, 51, 51, 51, 51, 51, 51, 51, 51, 51, 51, 51, 51, 51, 51, 51, 51, 51, 51, 51, 51, 51, 51, 51, 51, 51, 51, 51, 51, 51, 51, 51, 51, 51, 51, 51, 51, 51, 51, 51, 51, 51, 51, 51, 51, 51, 51, 51, 51, 51, 51, 51, 51, 51, 51, 51, 51, 51, 51, 51, 51, 51, 51, 51, 51, 51, 51, 51, 51, 51, 51, 51, 51, 51, 51, 51, 51, 51, 51, 51, 51, 51, 51, 51, 51, 51, 51, 51, 51, 51, 51, 51, 51, 51, 51, 51, 51, 51, 51, 51, 51, 51, 51, 51, 51, 51, 51, 51, 51, 51, 51, 51, 51, 51, 51, 51, 51, 51, 54, 51, 51, 51, 51, 51, 51, 51, 51, 51, 51, 51, 51, 51, 51, 51, 51, 51, 51, 51, 51, 51, 51, 51, 51, 51, 51, 51, 51, 51, 51, 51, 51, 51, 51, 51, 51, 51, 51, 53, 51, 51, 51, 51, 51, 51, 51, 51, 51, 51, 51, 51, 51, 51, 51, 51, 51, 51, 51, 51, 51, 51, 51, 51, 51, 51, 51, 51, 51, 51, 51, 51, 51, 51, 51, 51, 51, 51, 51, 51, 51, 51, 51, 51, 51, 51, 51, 51, 51, 51, 51, 51, 51, 51, 51, 51, 51, 51, 51, 51, 51, 51, 51, 51, 51, 51, 51, 52, 51, 51, 51, 51, 51, 51, 51, 51, 51, 51, 51, 51, 51, 53, 51, 51, 51, 51, 51, 51, 51, 51, 51, 51, 51, 51, 51, 51, 51, 51, 51, 51, 51, 51]]"
769           ,6     ,7       ,1      ,2.31367815030533  ,471         ,25000,[471]                                     ,round_robin        ,mnist  ,"[[101, 51, 51, 54, 51, 51, 86, 51, 51, 51, 63, 51, 51, 51, 84, 51, 51, 51, 51, 56, 51, 51, 51, 51, 74, 51, 51, 51, 51, 97, 51, 51, 51, 51, 51, 57, 51, 51, 51, 51, 51, 81, 51, 51, 51, 51, 51, 90, 51, 51, 51, 51, 51, 51, 53, 51, 51, 51, 51, 51, 51, 72, 51, 51, 51, 51, 51, 51, 86, 51, 51, 51, 51, 51, 51, 96, 51, 51, 51, 51, 51, 51, 51, 54, 51, 51, 51, 51, 51, 51, 51, 54, 51, 51, 51, 51, 51, 51, 51, 51, 53, 51, 51, 51, 51, 51, 51, 51, 54, 51, 51, 51, 51, 51, 51, 51, 51, 56, 51, 51, 51, 51, 51, 51, 51, 51, 51, 52, 51, 51, 51, 51, 51, 51, 51, 51, 63, 51, 51, 51, 51, 51, 51, 51, 51, 51, 52, 51, 51, 51, 51, 51, 51, 51, 51, 91, 51, 51, 51, 51, 51, 51, 51, 51, 51, 62, 51, 51, 51, 51, 51, 51, 51, 51, 51, 68, 51, 51, 51, 51, 51, 51, 51, 51, 51, 56, 51, 51, 51, 51, 51, 51, 51, 51, 51, 51, 54, 51, 51, 51, 51, 51, 51, 51, 51, 51, 95, 51, 51, 51, 51, 51, 51, 51, 51, 51, 51, 53, 51, 51, 51, 51, 51, 51, 51, 51, 51, 51, 63, 51, 51, 51, 51, 51, 51, 51, 51, 51, 51, 65, 51, 51, 51, 51, 51, 51, 51, 51, 51, 51, 73, 51, 51, 51, 51, 51, 51, 51, 51, 51, 51, 51, 53, 51, 51, 51, 51, 51, 51, 51, 51, 51, 51, 86, 51, 51, 51, 51, 51, 51, 51, 51, 51, 51, 51, 54, 51, 51, 51, 51, 51, 51, 51, 51, 51, 51, 51, 54, 51, 51, 51, 51, 51, 51, 51, 51, 51, 51, 51, 55, 51, 51, 51, 51, 51, 51, 51, 51, 51, 51, 51, 51, 54, 51, 51, 51, 51, 51, 51, 51, 51, 51, 51, 51, 96, 51, 51, 51, 51, 51, 51, 51, 51, 51, 51, 51, 92, 51, 51, 51, 51, 51, 51, 51, 51, 51, 51, 51, 51, 53, 51, 51, 51, 51, 51, 51, 51, 51, 51, 51, 51, 51, 57, 51, 51, 51, 51, 51, 51, 51, 51, 51, 51, 51, 51, 55, 51, 51, 51, 51, 51, 51, 51, 51, 51, 51, 51, 51, 80, 51, 51, 51, 51, 51, 51, 51, 51, 51, 51, 51, 51, 92, 51, 51, 51, 51, 51, 51, 51, 51, 51, 51, 51, 51, 90, 51, 51, 51, 51, 51, 51, 51, 51, 51, 51, 51, 51, 92, 51, 51, 51, 51, 51, 51, 51, 51, 51, 51, 51, 51, 51, 53, 51, 51, 51, 51, 51, 51, 51, 51, 51, 51, 51, 51, 51, 60, 51, 51, 51, 51, 51]]"
6949          ,2     ,1       ,1      ,1.8846424099101962,488         ,25000,[488]                                     ,round_robin        ,mnist  ,"[[51, 60, 51, 51, 52, 51, 51, 80, 51, 51, 51, 52, 51, 51, 51, 51, 51, 51, 51, 51, 51, 51, 51, 51, 51, 51, 51, 51, 51, 51, 51, 51, 51, 51, 51, 51, 51, 51, 51, 51, 51, 51, 51, 51, 51, 51, 51, 51, 51, 51, 51, 51, 51, 51, 51, 51, 51, 51, 51, 51, 51, 51, 51, 51, 51, 51, 51, 51, 51, 51, 51, 51, 51, 51, 51, 51, 51, 51, 51, 51, 51, 51, 51, 51, 51, 51, 51, 51, 51, 51, 51, 51, 51, 51, 51, 51, 51, 51, 51, 51, 51, 51, 51, 51, 51, 51, 51, 51, 51, 51, 51, 51, 51, 51, 51, 51, 51, 51, 51, 51, 51, 51, 51, 51, 51, 51, 51, 51, 51, 51, 51, 51, 51, 51, 51, 51, 51, 51, 51, 51, 51, 51, 51, 52, 51, 51, 51, 51, 51, 51, 51, 51, 51, 51, 51, 51, 51, 51, 51, 51, 51, 51, 51, 51, 51, 51, 51, 51, 51, 51, 51, 51, 51, 51, 51, 51, 51, 51, 51, 51, 51, 51, 51, 52, 51, 51, 51, 51, 51, 51, 51, 51, 51, 51, 51, 51, 51, 51, 51, 51, 51, 51, 51, 51, 51, 51, 51, 51, 51, 51, 51, 51, 51, 51, 51, 53, 51, 51, 51, 51, 51, 51, 51, 51, 51, 51, 52, 51, 51, 51, 51, 51, 51, 51, 51, 51, 51, 51, 51, 51, 51, 51, 51, 51, 51, 51, 51, 51, 51, 51, 51, 51, 51, 51, 51, 51, 51, 51, 51, 51, 51, 51, 51, 51, 51, 51, 51, 51, 51, 51, 51, 51, 51, 51, 51, 51, 51, 51, 51, 51, 51, 51, 51, 51, 51, 51, 51, 51, 51, 51, 51, 51, 51, 51, 51, 51, 51, 51, 51, 51, 51, 51, 51, 51, 51, 51, 51, 51, 51, 51, 51, 51, 51, 51, 51, 51, 51, 51, 51, 51, 51, 51, 51, 51, 51, 51, 51, 51, 51, 51, 51, 51, 51, 51, 51, 51, 51, 51, 51, 51, 51, 51, 51, 51, 51, 51, 51, 51, 51, 51, 51, 51, 51, 51, 51, 51, 51, 51, 51, 51, 51, 51, 51, 51, 51, 51, 51, 51, 51, 51, 51, 51, 51, 51, 51, 51, 51, 51, 51, 51, 51, 51, 51, 51, 51, 51, 51, 51, 51, 51, 51, 51, 51, 51, 51, 51, 51, 51, 51, 51, 51, 51, 51, 51, 51, 51, 51, 51, 51, 51, 51, 51, 51, 51, 51, 51, 51, 51, 51, 51, 51, 51, 51, 51, 51, 51, 51, 51, 51, 51, 51, 51, 51, 51, 51, 51, 51, 51, 51, 51, 51, 51, 51, 51, 51, 51, 51, 51, 51, 51, 51, 51, 51, 51, 51, 51, 51, 51, 51, 51, 51, 51, 51, 51, 51, 51, 51, 51, 51, 51, 51, 51, 51, 51, 51, 51, 51, 51, 51, 51, 51, 51, 51, 51, 51, 51, 51, 51]]"
5311          ,9     ,4       ,1      ,1.1616613946604981,488         ,25000,[488]                                     ,round_robin        ,mnist  ,"[[51, 60, 51, 51, 51, 51, 51, 72, 51, 51, 51, 51, 51, 51, 51, 51, 51, 51, 51, 51, 51, 51, 51, 51, 51, 51, 68, 51, 51, 51, 51, 51, 51, 51, 51, 51, 51, 51, 51, 51, 51, 51, 51, 51, 51, 51, 51, 51, 51, 51, 51, 52, 51, 51, 51, 51, 51, 51, 51, 51, 51, 51, 51, 51, 51, 51, 51, 51, 51, 51, 51, 51, 51, 51, 51, 51, 51, 51, 51, 51, 51, 53, 51, 51, 51, 51, 51, 51, 51, 51, 51, 51, 51, 51, 51, 51, 51, 51, 51, 51, 51, 51, 51, 51, 51, 51, 51, 51, 51, 51, 51, 51, 51, 51, 51, 52, 51, 51, 51, 51, 51, 51, 51, 51, 51, 51, 51, 51, 51, 51, 51, 51, 51, 51, 51, 51, 51, 51, 51, 51, 51, 51, 51, 51, 51, 51, 51, 51, 51, 51, 51, 51, 51, 51, 51, 51, 51, 51, 51, 51, 51, 51, 51, 51, 51, 51, 51, 51, 51, 51, 51, 51, 51, 51, 51, 51, 51, 51, 51, 51, 51, 51, 51, 51, 51, 51, 51, 51, 51, 51, 51, 51, 51, 51, 51, 51, 51, 51, 51, 51, 51, 51, 51, 51, 51, 51, 51, 51, 51, 51, 51, 51, 51, 51, 51, 51, 51, 51, 51, 51, 51, 51, 51, 51, 51, 51, 51, 51, 51, 51, 51, 51, 51, 51, 51, 51, 51, 51, 51, 51, 51, 51, 51, 51, 51, 51, 51, 51, 51, 51, 51, 51, 51, 51, 51, 51, 51, 51, 51, 51, 51, 51, 51, 51, 51, 51, 51, 51, 51, 51, 51, 51, 51, 51, 51, 51, 51, 51, 51, 51, 51, 51, 51, 51, 51, 51, 51, 51, 51, 51, 51, 51, 51, 51, 51, 51, 51, 51, 51, 51, 51, 51, 51, 51, 51, 51, 51, 51, 51, 51, 51, 51, 51, 51, 51, 51, 51, 51, 51, 51, 51, 51, 51, 51, 51, 51, 51, 51, 51, 51, 51, 51, 51, 51, 51, 51, 51, 51, 51, 51, 51, 51, 51, 51, 51, 51, 51, 51, 51, 51, 51, 51, 51, 51, 51, 51, 51, 51, 51, 51, 51, 51, 51, 51, 51, 51, 51, 51, 51, 51, 51, 51, 51, 51, 51, 51, 51, 51, 51, 51, 51, 51, 51, 51, 51, 51, 51, 51, 51, 51, 51, 51, 51, 51, 51, 51, 51, 51, 51, 51, 51, 51, 51, 51, 51, 51, 51, 51, 51, 51, 51, 51, 51, 51, 51, 51, 51, 51, 51, 51, 51, 51, 51, 51, 51, 51, 51, 51, 51, 51, 51, 51, 51, 51, 51, 51, 51, 51, 51, 51, 51, 51, 51, 51, 51, 51, 51, 51, 51, 51, 51, 51, 51, 51, 51, 51, 51, 51, 51, 51, 51, 51, 51, 51, 51, 51, 51, 51, 51, 51, 51, 51, 51, 51, 51, 51, 51, 51, 51, 51, 51, 52, 51, 51, 51, 51, 51, 51]]"
1184          ,2     ,9       ,1      ,2.017435277957541 ,480         ,25000,[480]                                     ,round_robin        ,mnist  ,"[[52, 62, 51, 51, 55, 51, 51, 86, 51, 51, 51, 62, 51, 51, 51, 76, 51, 51, 51, 51, 62, 51, 51, 51, 51, 77, 51, 51, 51, 51, 87, 51, 51, 51, 51, 51, 51, 51, 51, 51, 51, 51, 85, 51, 51, 51, 51, 51, 51, 51, 51, 51, 51, 51, 51, 51, 51, 51, 51, 51, 51, 51, 51, 70, 51, 51, 51, 51, 51, 51, 82, 51, 51, 51, 51, 51, 51, 51, 51, 51, 51, 51, 51, 51, 51, 51, 51, 51, 51, 51, 51, 51, 51, 51, 59, 51, 51, 51, 51, 51, 51, 51, 51, 51, 51, 51, 51, 51, 51, 51, 51, 80, 51, 51, 51, 51, 51, 51, 51, 51, 52, 51, 51, 51, 51, 51, 51, 51, 51, 64, 51, 51, 51, 51, 51, 51, 51, 51, 53, 51, 51, 51, 51, 51, 51, 51, 51, 51, 62, 51, 51, 51, 51, 51, 51, 51, 51, 51, 51, 51, 51, 51, 51, 51, 51, 51, 51, 51, 52, 51, 51, 51, 51, 51, 51, 51, 51, 51, 62, 51, 51, 51, 51, 51, 51, 51, 51, 51, 68, 51, 51, 51, 51, 51, 51, 51, 51, 51, 51, 51, 51, 51, 51, 51, 51, 51, 51, 51, 51, 51, 51, 51, 51, 51, 51, 51, 51, 51, 51, 51, 51, 51, 51, 51, 51, 51, 51, 51, 51, 51, 51, 51, 52, 51, 51, 51, 51, 51, 51, 51, 51, 51, 51, 74, 51, 51, 51, 51, 51, 51, 51, 51, 51, 51, 52, 51, 51, 51, 51, 51, 51, 51, 51, 51, 51, 51, 67, 51, 51, 51, 51, 51, 51, 51, 51, 51, 51, 51, 51, 51, 51, 51, 51, 51, 51, 51, 51, 51, 51, 51, 51, 51, 51, 51, 51, 51, 51, 51, 51, 51, 51, 51, 58, 51, 51, 51, 51, 51, 51, 51, 51, 51, 51, 51, 73, 51, 51, 51, 51, 51, 51, 51, 51, 51, 51, 51, 77, 51, 51, 51, 51, 51, 51, 51, 51, 51, 51, 51, 51, 51, 51, 51, 51, 51, 51, 51, 51, 51, 51, 51, 51, 51, 51, 51, 51, 51, 51, 51, 51, 51, 51, 51, 51, 51, 51, 51, 51, 51, 51, 51, 51, 51, 51, 51, 51, 51, 51, 51, 51, 51, 51, 51, 51, 51, 51, 51, 51, 51, 51, 51, 51, 51, 51, 51, 51, 51, 51, 51, 51, 51, 51, 51, 51, 51, 52, 51, 51, 51, 51, 51, 51, 51, 51, 51, 51, 51, 51, 51, 58, 51, 51, 51, 51, 51, 51, 51, 51, 51, 51, 51, 51, 51, 51, 51, 51, 51, 51, 51, 51, 51, 51, 51, 51, 51, 51, 51, 51, 51, 51, 51, 51, 51, 51, 51, 51, 51, 51, 51, 51, 51, 51, 51, 51, 51, 51, 51, 51, 51, 51, 51, 51, 51, 51, 51, 51, 51, 51, 51, 51, 51]]"
6396          ,4     ,8       ,1      ,1.9446839121705521,486         ,25000,[486]                                     ,round_robin        ,mnist  ,"[[55, 57, 51, 51, 53, 51, 51, 86, 51, 51, 51, 60, 51, 51, 51, 83, 51, 51, 51, 51, 57, 51, 51, 51, 51, 71, 51, 51, 51, 51, 51, 51, 51, 51, 51, 51, 51, 51, 51, 51, 51, 51, 51, 62, 51, 51, 51, 51, 51, 51, 51, 51, 51, 51, 51, 51, 51, 54, 51, 51, 51, 51, 51, 51, 57, 51, 51, 51, 51, 51, 51, 51, 51, 51, 51, 51, 51, 51, 51, 51, 51, 51, 51, 51, 51, 51, 51, 51, 51, 51, 51, 51, 51, 51, 51, 51, 61, 51, 51, 51, 51, 51, 51, 51, 51, 51, 51, 51, 51, 51, 51, 51, 51, 51, 51, 51, 51, 51, 51, 51, 51, 51, 51, 51, 51, 51, 51, 51, 51, 51, 51, 51, 51, 51, 51, 51, 51, 51, 51, 51, 51, 52, 51, 51, 51, 51, 51, 51, 51, 51, 51, 53, 51, 51, 51, 51, 51, 51, 51, 51, 51, 51, 51, 51, 51, 51, 51, 51, 51, 51, 51, 51, 51, 51, 51, 51, 51, 51, 51, 51, 51, 66, 51, 51, 51, 51, 51, 51, 51, 51, 51, 51, 51, 51, 51, 51, 51, 51, 51, 51, 51, 51, 51, 51, 51, 51, 51, 51, 51, 51, 51, 51, 51, 51, 51, 51, 51, 51, 51, 51, 51, 51, 51, 51, 51, 51, 51, 51, 51, 51, 51, 51, 51, 51, 51, 52, 51, 51, 51, 51, 51, 51, 51, 51, 51, 51, 51, 51, 51, 51, 51, 51, 51, 51, 51, 51, 51, 51, 56, 51, 51, 51, 51, 51, 51, 51, 51, 51, 51, 51, 51, 51, 51, 51, 51, 51, 51, 51, 51, 51, 51, 51, 51, 51, 51, 51, 51, 51, 51, 51, 51, 51, 51, 51, 51, 51, 51, 51, 51, 51, 51, 51, 51, 51, 51, 51, 51, 51, 51, 51, 51, 51, 51, 51, 51, 51, 51, 51, 51, 51, 51, 51, 51, 51, 51, 51, 51, 51, 51, 51, 51, 51, 51, 51, 51, 51, 51, 51, 51, 51, 51, 51, 51, 51, 51, 51, 51, 51, 51, 51, 51, 51, 51, 51, 51, 51, 51, 51, 51, 51, 51, 51, 51, 51, 51, 51, 51, 51, 51, 51, 51, 51, 51, 51, 51, 51, 51, 51, 51, 51, 51, 51, 51, 51, 51, 51, 51, 51, 51, 51, 51, 51, 51, 51, 51, 51, 51, 51, 51, 51, 51, 51, 51, 51, 51, 51, 51, 51, 51, 51, 51, 51, 51, 51, 51, 51, 51, 51, 51, 51, 51, 51, 51, 51, 51, 51, 51, 51, 51, 51, 51, 51, 51, 51, 51, 51, 51, 51, 51, 51, 51, 51, 51, 51, 51, 51, 51, 51, 51, 51, 51, 51, 51, 51, 51, 51, 51, 51, 51, 51, 51, 51, 51, 51, 51, 51, 51, 51, 51, 51, 51, 51, 51, 51, 51, 51, 51, 51, 51, 51, 51, 51, 51, 51, 51, 51]]"
8666          ,1     ,9       ,1      ,1.7622729065753087,487         ,25000,[487]                                     ,round_robin        ,mnist  ,"[[52, 62, 51, 51, 53, 51, 51, 86, 51, 51, 51, 54, 51, 51, 51, 89, 51, 51, 51, 51, 53, 51, 51, 51, 51, 58, 51, 51, 51, 51, 51, 51, 51, 51, 51, 51, 51, 51, 51, 51, 51, 51, 51, 51, 51, 51, 51, 51, 51, 51, 58, 51, 51, 51, 51, 51, 51, 51, 51, 51, 51, 51, 51, 51, 51, 51, 51, 51, 51, 51, 51, 51, 51, 51, 51, 51, 51, 51, 51, 51, 54, 51, 51, 51, 51, 51, 51, 51, 51, 51, 51, 51, 51, 51, 51, 51, 51, 51, 51, 51, 51, 51, 51, 51, 51, 51, 51, 51, 51, 51, 51, 51, 51, 51, 51, 51, 51, 51, 51, 51, 51, 51, 51, 51, 51, 51, 51, 51, 51, 51, 51, 51, 51, 51, 51, 51, 51, 51, 51, 51, 51, 51, 51, 51, 51, 51, 51, 51, 51, 51, 51, 51, 51, 51, 51, 51, 51, 51, 51, 51, 51, 51, 51, 51, 51, 51, 51, 51, 51, 51, 51, 51, 51, 51, 51, 51, 51, 51, 51, 51, 51, 51, 51, 51, 51, 51, 51, 51, 51, 51, 51, 51, 51, 51, 51, 51, 51, 51, 51, 51, 51, 51, 51, 51, 51, 51, 51, 51, 51, 51, 51, 51, 51, 51, 51, 51, 51, 51, 51, 51, 51, 51, 51, 51, 51, 51, 51, 51, 51, 51, 51, 51, 51, 51, 51, 51, 52, 51, 51, 51, 51, 51, 51, 51, 51, 51, 51, 51, 51, 51, 51, 51, 51, 51, 51, 51, 51, 51, 51, 51, 51, 51, 51, 51, 51, 51, 51, 51, 51, 51, 51, 51, 51, 51, 51, 51, 51, 51, 51, 51, 51, 51, 51, 51, 51, 51, 51, 51, 51, 51, 51, 51, 51, 51, 51, 51, 51, 51, 51, 51, 51, 51, 51, 51, 51, 51, 51, 51, 51, 51, 51, 51, 51, 51, 51, 51, 51, 51, 51, 51, 51, 51, 51, 51, 51, 51, 51, 51, 51, 51, 51, 51, 51, 51, 51, 51, 51, 51, 51, 51, 51, 51, 51, 51, 51, 51, 51, 51, 51, 51, 51, 51, 51, 51, 51, 51, 51, 51, 51, 51, 51, 51, 51, 51, 51, 51, 51, 51, 51, 51, 51, 51, 51, 51, 51, 51, 51, 51, 51, 51, 51, 51, 51, 51, 51, 51, 51, 51, 51, 51, 51, 51, 51, 51, 51, 51, 51, 51, 51, 51, 51, 51, 51, 51, 51, 51, 51, 51, 51, 51, 51, 51, 51, 51, 51, 51, 51, 51, 51, 51, 51, 51, 51, 51, 51, 51, 51, 51, 51, 51, 51, 51, 51, 51, 51, 51, 51, 51, 51, 51, 51, 51, 51, 51, 51, 51, 51, 51, 51, 51, 51, 51, 51, 51, 51, 51, 51, 51, 51, 51, 51, 51, 51, 51, 51, 51, 51, 51, 51, 51, 51, 51, 51, 51, 51, 51, 51, 51, 51, 51, 51, 51, 51, 51, 51, 51, 54]]"
2047          ,6     ,2       ,1      ,2.1694903002539307,475         ,25000,[475]                                     ,round_robin        ,mnist  ,"[[51, 60, 51, 51, 59, 51, 51, 85, 51, 51, 51, 64, 51, 51, 51, 83, 51, 51, 51, 51, 57, 51, 51, 51, 51, 73, 51, 51, 51, 51, 95, 51, 51, 51, 51, 51, 53, 51, 51, 51, 51, 51, 84, 51, 51, 51, 51, 51, 79, 51, 51, 51, 51, 51, 51, 66, 51, 51, 51, 51, 51, 51, 55, 51, 51, 51, 51, 51, 51, 51, 55, 51, 51, 51, 51, 51, 51, 97, 51, 51, 51, 51, 51, 51, 51, 53, 51, 51, 51, 51, 51, 51, 51, 61, 51, 51, 51, 51, 51, 51, 51, 70, 51, 51, 51, 51, 51, 51, 51, 51, 54, 51, 51, 51, 51, 51, 51, 51, 51, 60, 51, 51, 51, 51, 51, 51, 51, 51, 76, 51, 51, 51, 51, 51, 51, 51, 51, 79, 51, 51, 51, 51, 51, 51, 51, 51, 83, 51, 51, 51, 51, 51, 51, 51, 51, 72, 51, 51, 51, 51, 51, 51, 51, 51, 51, 54, 51, 51, 51, 51, 51, 51, 51, 51, 51, 61, 51, 51, 51, 51, 51, 51, 51, 51, 51, 51, 55, 51, 51, 51, 51, 51, 51, 51, 51, 51, 80, 51, 51, 51, 51, 51, 51, 51, 51, 51, 51, 56, 51, 51, 51, 51, 51, 51, 51, 51, 51, 51, 52, 51, 51, 51, 51, 51, 51, 51, 51, 51, 51, 54, 51, 51, 51, 51, 51, 51, 51, 51, 51, 51, 53, 51, 51, 51, 51, 51, 51, 51, 51, 51, 51, 51, 53, 51, 51, 51, 51, 51, 51, 51, 51, 51, 51, 90, 51, 51, 51, 51, 51, 51, 51, 51, 51, 51, 54, 51, 51, 51, 51, 51, 51, 51, 51, 51, 51, 51, 55, 51, 51, 51, 51, 51, 51, 51, 51, 51, 51, 51, 51, 53, 51, 51, 51, 51, 51, 51, 51, 51, 51, 51, 51, 67, 51, 51, 51, 51, 51, 51, 51, 51, 51, 51, 51, 66, 51, 51, 51, 51, 51, 51, 51, 51, 51, 51, 51, 51, 52, 51, 51, 51, 51, 51, 51, 51, 51, 51, 51, 51, 68, 51, 51, 51, 51, 51, 51, 51, 51, 51, 51, 51, 51, 78, 51, 51, 51, 51, 51, 51, 51, 51, 51, 51, 51, 51, 53, 51, 51, 51, 51, 51, 51, 51, 51, 51, 51, 51, 51, 64, 51, 51, 51, 51, 51, 51, 51, 51, 51, 51, 51, 51, 52, 51, 51, 51, 51, 51, 51, 51, 51, 51, 51, 51, 51, 51, 52, 51, 51, 51, 51, 51, 51, 51, 51, 51, 51, 51, 51, 51, 52, 51, 51, 51, 51, 51, 51, 51, 51, 51, 51, 51, 51, 83, 51, 51, 51, 51, 51, 51, 51, 51, 51, 51, 51, 51, 51, 51, 51, 51, 51, 51, 51, 51, 51, 51, 51, 51, 51, 51, 51, 52, 51, 51, 51, 51, 51]]"
1899          ,8     ,6       ,1      ,2.672553614079563 ,477         ,25000,[477]                                     ,round_robin        ,mnist  ,"[[52, 63, 51, 51, 54, 51, 51, 87, 51, 51, 51, 61, 51, 51, 51, 86, 51, 51, 51, 51, 53, 51, 51, 51, 51, 72, 51, 51, 51, 51, 96, 51, 51, 51, 51, 51, 60, 51, 51, 51, 51, 51, 79, 51, 51, 51, 51, 51, 93, 51, 51, 51, 51, 51, 51, 56, 51, 51, 51, 51, 51, 51, 71, 51, 51, 51, 51, 51, 51, 83, 51, 51, 51, 51, 51, 51, 91, 51, 51, 51, 51, 51, 51, 51, 56, 51, 51, 51, 51, 51, 51, 51, 80, 51, 51, 51, 51, 51, 51, 51, 71, 51, 51, 51, 51, 51, 51, 51, 51, 53, 51, 51, 51, 51, 51, 51, 51, 51, 52, 51, 51, 51, 51, 51, 51, 51, 51, 71, 51, 51, 51, 51, 51, 51, 51, 51, 73, 51, 51, 51, 51, 51, 51, 51, 51, 57, 51, 51, 51, 51, 51, 51, 51, 51, 51, 75, 51, 51, 51, 51, 51, 51, 51, 51, 51, 56, 51, 51, 51, 51, 51, 51, 51, 51, 51, 57, 51, 51, 51, 51, 51, 51, 51, 51, 51, 51, 52, 51, 51, 51, 51, 51, 51, 51, 51, 51, 75, 51, 51, 51, 51, 51, 51, 51, 51, 51, 51, 52, 51, 51, 51, 51, 51, 51, 51, 51, 51, 51, 52, 51, 51, 51, 51, 51, 51, 51, 51, 51, 51, 52, 51, 51, 51, 51, 51, 51, 51, 51, 51, 51, 63, 51, 51, 51, 51, 51, 51, 51, 51, 51, 51, 51, 52, 51, 51, 51, 51, 51, 51, 51, 51, 51, 51, 53, 51, 51, 51, 51, 51, 51, 51, 51, 51, 51, 51, 65, 51, 51, 51, 51, 51, 51, 51, 51, 51, 51, 51, 61, 51, 51, 51, 51, 51, 51, 51, 51, 51, 51, 51, 53, 51, 51, 51, 51, 51, 51, 51, 51, 51, 51, 51, 85, 51, 51, 51, 51, 51, 51, 51, 51, 51, 51, 51, 53, 51, 51, 51, 51, 51, 51, 51, 51, 51, 51, 51, 51, 52, 51, 51, 51, 51, 51, 51, 51, 51, 51, 51, 51, 51, 52, 51, 51, 51, 51, 51, 51, 51, 51, 51, 51, 51, 51, 53, 51, 51, 51, 51, 51, 51, 51, 51, 51, 51, 51, 51, 52, 51, 51, 51, 51, 51, 51, 51, 51, 51, 51, 51, 51, 53, 51, 51, 51, 51, 51, 51, 51, 51, 51, 51, 51, 51, 51, 53, 51, 51, 51, 51, 51, 51, 51, 51, 51, 51, 51, 51, 52, 51, 51, 51, 51, 51, 51, 51, 51, 51, 51, 51, 51, 51, 53, 51, 51, 51, 51, 51, 51, 51, 51, 51, 51, 51, 51, 51, 52, 51, 51, 51, 51, 51, 51, 51, 51, 51, 51, 51, 51, 51, 52, 51, 51, 51, 51, 51, 51, 51, 51, 51, 51, 51, 51, 51, 52, 51, 51, 51, 51, 51]]"
1267          ,8     ,2       ,1      ,2.5130970363939684,483         ,25000,[483]                                     ,round_robin        ,mnist  ,"[[51, 65, 51, 51, 56, 51, 51, 86, 51, 51, 51, 59, 51, 51, 51, 88, 51, 51, 51, 51, 53, 51, 51, 51, 51, 74, 51, 51, 51, 51, 87, 51, 51, 51, 51, 51, 66, 51, 51, 51, 51, 51, 54, 51, 51, 51, 51, 51, 51, 68, 51, 51, 51, 51, 51, 51, 52, 51, 51, 51, 51, 51, 51, 65, 51, 51, 51, 51, 51, 51, 65, 51, 51, 51, 51, 51, 51, 51, 52, 51, 51, 51, 51, 51, 51, 51, 53, 51, 51, 51, 51, 51, 51, 51, 51, 51, 51, 51, 51, 51, 51, 51, 51, 58, 51, 51, 51, 51, 51, 51, 51, 51, 51, 51, 51, 51, 51, 51, 51, 51, 51, 61, 51, 51, 51, 51, 51, 51, 51, 51, 52, 51, 51, 51, 51, 51, 51, 51, 51, 51, 51, 51, 51, 51, 51, 51, 51, 51, 51, 53, 51, 51, 51, 51, 51, 51, 51, 51, 51, 57, 51, 51, 51, 51, 51, 51, 51, 51, 51, 57, 51, 51, 51, 51, 51, 51, 51, 51, 51, 53, 51, 51, 51, 51, 51, 51, 51, 51, 51, 51, 52, 51, 51, 51, 51, 51, 51, 51, 51, 51, 71, 51, 51, 51, 51, 51, 51, 51, 51, 51, 51, 52, 51, 51, 51, 51, 51, 51, 51, 51, 51, 51, 51, 51, 51, 51, 51, 51, 51, 51, 51, 51, 51, 53, 51, 51, 51, 51, 51, 51, 51, 51, 51, 51, 53, 51, 51, 51, 51, 51, 51, 51, 51, 51, 51, 51, 54, 51, 51, 51, 51, 51, 51, 51, 51, 51, 51, 51, 51, 51, 51, 51, 51, 51, 51, 51, 51, 51, 51, 51, 51, 51, 51, 51, 51, 51, 51, 51, 51, 51, 51, 51, 51, 51, 51, 51, 51, 51, 51, 51, 51, 51, 51, 51, 51, 51, 51, 51, 51, 51, 51, 51, 51, 51, 51, 51, 52, 51, 51, 51, 51, 51, 51, 51, 51, 51, 51, 51, 51, 51, 51, 51, 51, 51, 51, 51, 51, 51, 51, 51, 51, 55, 51, 51, 51, 51, 51, 51, 51, 51, 51, 51, 51, 51, 54, 51, 51, 51, 51, 51, 51, 51, 51, 51, 51, 51, 51, 51, 51, 51, 51, 51, 51, 51, 51, 51, 51, 51, 51, 51, 52, 51, 51, 51, 51, 51, 51, 51, 51, 51, 51, 51, 51, 51, 51, 51, 51, 51, 51, 51, 51, 51, 51, 51, 51, 51, 51, 51, 51, 51, 51, 51, 51, 51, 51, 51, 51, 51, 51, 51, 51, 51, 51, 51, 51, 51, 51, 51, 51, 51, 51, 51, 51, 51, 56, 51, 51, 51, 51, 51, 51, 51, 51, 51, 51, 51, 51, 51, 52, 51, 51, 51, 51, 51, 51, 51, 51, 51, 51, 51, 51, 51, 52, 51, 51, 51, 51, 51, 51, 51, 51, 51, 51, 51, 51, 51, 53, 51, 51, 51, 51, 51, 51]]"
3556          ,5     ,2       ,1      ,1.8607166110758853,486         ,25000,[486]                                     ,round_robin        ,mnist  ,"[[51, 64, 51, 51, 55, 51, 51, 79, 51, 51, 51, 67, 51, 51, 51, 80, 51, 51, 51, 51, 51, 51, 51, 51, 51, 62, 51, 51, 51, 51, 51, 51, 51, 51, 51, 51, 51, 51, 51, 51, 51, 51, 51, 51, 51, 51, 51, 51, 51, 51, 73, 51, 51, 51, 51, 51, 51, 51, 51, 51, 51, 51, 51, 51, 52, 51, 51, 51, 51, 51, 51, 51, 51, 51, 51, 51, 51, 51, 51, 51, 51, 51, 51, 51, 51, 51, 51, 51, 51, 51, 51, 51, 51, 51, 51, 51, 51, 51, 51, 51, 51, 51, 51, 51, 51, 58, 51, 51, 51, 51, 51, 51, 51, 51, 51, 51, 51, 51, 51, 51, 51, 51, 51, 51, 51, 51, 51, 51, 51, 51, 51, 51, 51, 51, 51, 51, 51, 51, 51, 51, 51, 51, 51, 51, 51, 51, 51, 51, 51, 51, 51, 52, 51, 51, 51, 51, 51, 51, 51, 51, 51, 51, 51, 51, 51, 51, 51, 51, 51, 51, 51, 53, 51, 51, 51, 51, 51, 51, 51, 51, 51, 51, 51, 51, 51, 51, 51, 51, 51, 51, 51, 51, 51, 51, 51, 51, 51, 51, 51, 51, 51, 51, 51, 51, 51, 51, 51, 51, 51, 51, 51, 51, 51, 51, 51, 51, 51, 51, 51, 51, 51, 51, 51, 51, 51, 51, 51, 51, 51, 51, 51, 51, 51, 51, 51, 51, 51, 51, 51, 51, 51, 51, 51, 51, 51, 51, 51, 51, 51, 51, 51, 51, 51, 51, 51, 51, 51, 51, 51, 51, 51, 51, 51, 51, 51, 51, 51, 51, 51, 51, 51, 51, 51, 51, 51, 51, 51, 51, 51, 51, 51, 51, 51, 51, 51, 51, 51, 51, 51, 51, 51, 51, 51, 51, 51, 51, 51, 51, 51, 51, 51, 51, 51, 51, 51, 51, 51, 51, 51, 51, 51, 51, 51, 51, 51, 51, 51, 51, 51, 51, 51, 51, 51, 51, 51, 51, 51, 51, 51, 51, 51, 51, 51, 51, 51, 51, 51, 51, 51, 51, 51, 51, 51, 51, 51, 51, 51, 51, 51, 51, 51, 51, 51, 51, 51, 51, 51, 51, 51, 51, 51, 51, 51, 51, 51, 51, 51, 51, 51, 51, 52, 51, 51, 51, 51, 51, 51, 51, 51, 51, 51, 51, 51, 51, 51, 51, 51, 51, 51, 51, 51, 51, 51, 51, 51, 51, 51, 51, 51, 51, 51, 51, 51, 51, 51, 51, 51, 51, 51, 51, 51, 51, 51, 51, 51, 51, 51, 51, 51, 51, 51, 51, 51, 51, 51, 51, 51, 51, 51, 51, 51, 51, 51, 51, 51, 51, 51, 51, 51, 51, 51, 51, 51, 51, 51, 51, 51, 51, 51, 51, 51, 51, 51, 51, 51, 51, 51, 51, 51, 51, 51, 51, 51, 51, 51, 51, 51, 51, 51, 51, 51, 51, 51, 51, 51, 51, 51, 51, 51, 51, 51, 51, 51, 51, 51, 51]]"
8838          ,2     ,4       ,1      ,1.666295895256831 ,488         ,25000,[488]                                     ,round_robin        ,mnist  ,"[[51, 61, 51, 51, 52, 51, 51, 78, 51, 51, 51, 58, 51, 51, 51, 51, 51, 51, 51, 51, 51, 52, 51, 51, 51, 51, 60, 51, 51, 51, 51, 51, 51, 51, 51, 51, 51, 51, 51, 51, 51, 51, 51, 51, 55, 51, 51, 51, 51, 51, 51, 51, 51, 51, 51, 51, 51, 51, 53, 51, 51, 51, 51, 51, 51, 51, 51, 51, 51, 51, 51, 51, 51, 53, 51, 51, 51, 51, 51, 51, 51, 51, 51, 51, 51, 51, 51, 51, 51, 52, 51, 51, 51, 51, 51, 51, 51, 51, 51, 51, 51, 51, 51, 51, 51, 51, 51, 51, 51, 51, 51, 51, 51, 51, 51, 53, 51, 51, 51, 51, 51, 51, 51, 51, 52, 51, 51, 51, 51, 51, 51, 51, 51, 54, 51, 51, 51, 51, 51, 51, 51, 51, 51, 51, 51, 51, 51, 51, 51, 51, 51, 51, 51, 51, 51, 51, 51, 51, 51, 51, 51, 51, 51, 51, 51, 51, 51, 51, 51, 51, 51, 51, 51, 51, 51, 51, 51, 51, 51, 51, 51, 51, 51, 51, 51, 51, 51, 51, 51, 51, 51, 51, 51, 52, 51, 51, 51, 51, 51, 51, 51, 51, 51, 51, 51, 51, 51, 51, 51, 51, 51, 51, 51, 51, 51, 51, 51, 51, 51, 51, 51, 51, 51, 51, 51, 51, 51, 51, 51, 51, 51, 51, 51, 51, 51, 51, 51, 51, 51, 51, 51, 51, 51, 51, 51, 51, 51, 51, 51, 51, 51, 51, 51, 51, 51, 51, 51, 51, 51, 51, 51, 51, 51, 51, 51, 51, 51, 51, 51, 51, 51, 51, 51, 51, 51, 51, 51, 51, 51, 51, 51, 51, 51, 51, 51, 51, 51, 51, 51, 51, 51, 51, 51, 51, 51, 51, 51, 51, 51, 51, 51, 51, 51, 51, 51, 51, 51, 51, 51, 51, 51, 51, 51, 51, 51, 51, 51, 51, 51, 51, 51, 51, 51, 51, 51, 51, 51, 51, 51, 51, 51, 51, 51, 51, 51, 51, 51, 51, 51, 51, 51, 51, 51, 51, 51, 51, 51, 51, 51, 51, 51, 51, 51, 51, 51, 51, 51, 51, 51, 51, 51, 51, 51, 51, 51, 51, 51, 51, 51, 51, 51, 51, 51, 51, 51, 51, 51, 51, 51, 51, 51, 51, 51, 51, 51, 51, 51, 51, 51, 51, 51, 51, 51, 51, 51, 51, 51, 51, 51, 51, 51, 51, 51, 51, 51, 51, 51, 51, 51, 51, 51, 51, 51, 51, 51, 51, 51, 51, 51, 51, 51, 51, 51, 51, 51, 51, 51, 51, 51, 51, 51, 51, 51, 51, 51, 51, 51, 51, 51, 51, 51, 51, 51, 51, 51, 51, 51, 51, 51, 51, 51, 51, 51, 51, 51, 51, 51, 51, 51, 51, 51, 51, 51, 51, 51, 51, 51, 51, 51, 51, 51, 51, 51, 51, 51, 51, 51, 51, 51, 51, 51, 51, 51, 51, 51, 51, 51, 51]]"
5393          ,4     ,3       ,1      ,3.046881860969227 ,467         ,25000,[467]                                     ,round_robin        ,mnist  ,"[[51, 66, 51, 51, 54, 51, 51, 86, 51, 51, 51, 63, 51, 51, 51, 86, 51, 51, 51, 51, 56, 51, 51, 51, 51, 77, 51, 51, 51, 51, 94, 51, 51, 51, 51, 51, 61, 51, 51, 51, 51, 51, 74, 51, 51, 51, 51, 51, 95, 51, 51, 51, 51, 51, 51, 56, 51, 51, 51, 51, 51, 51, 54, 51, 51, 51, 51, 51, 51, 100, 51, 51, 51, 51, 51, 51, 98, 51, 51, 51, 51, 51, 51, 51, 58, 51, 51, 51, 51, 51, 51, 51, 71, 51, 51, 51, 51, 51, 51, 51, 80, 51, 51, 51, 51, 51, 51, 51, 96, 51, 51, 51, 51, 51, 51, 51, 51, 56, 51, 51, 51, 51, 51, 51, 51, 51, 66, 51, 51, 51, 51, 51, 51, 51, 51, 77, 51, 51, 51, 51, 51, 51, 51, 51, 87, 51, 51, 51, 51, 51, 51, 51, 51, 82, 51, 51, 51, 51, 51, 51, 51, 51, 51, 72, 51, 51, 51, 51, 51, 51, 51, 51, 51, 56, 51, 51, 51, 51, 51, 51, 51, 51, 51, 73, 51, 51, 51, 51, 51, 51, 51, 51, 51, 99, 51, 51, 51, 51, 51, 51, 51, 51, 51, 95, 51, 51, 51, 51, 51, 51, 51, 51, 51, 51, 54, 51, 51, 51, 51, 51, 51, 51, 51, 51, 51, 59, 51, 51, 51, 51, 51, 51, 51, 51, 51, 51, 70, 51, 51, 51, 51, 51, 51, 51, 51, 51, 51, 81, 51, 51, 51, 51, 51, 51, 51, 51, 51, 51, 88, 51, 51, 51, 51, 51, 51, 51, 51, 51, 51, 99, 51, 51, 51, 51, 51, 51, 51, 51, 51, 51, 51, 55, 51, 51, 51, 51, 51, 51, 51, 51, 51, 51, 51, 64, 51, 51, 51, 51, 51, 51, 51, 51, 51, 51, 51, 55, 51, 51, 51, 51, 51, 51, 51, 51, 51, 51, 51, 92, 51, 51, 51, 51, 51, 51, 51, 51, 51, 51, 51, 77, 51, 51, 51, 51, 51, 51, 51, 51, 51, 51, 51, 51, 56, 51, 51, 51, 51, 51, 51, 51, 51, 51, 51, 51, 51, 54, 51, 51, 51, 51, 51, 51, 51, 51, 51, 51, 51, 51, 55, 51, 51, 51, 51, 51, 51, 51, 51, 51, 51, 51, 51, 69, 51, 51, 51, 51, 51, 51, 51, 51, 51, 51, 51, 51, 72, 51, 51, 51, 51, 51, 51, 51, 51, 51, 51, 51, 51, 84, 51, 51, 51, 51, 51, 51, 51, 51, 51, 51, 51, 51, 89, 51, 51, 51, 51, 51, 51, 51, 51, 51, 51, 51, 51, 94, 51, 51, 51, 51, 51, 51, 51, 51, 51, 51, 51, 51, 51, 56, 51, 51, 51, 51, 51, 51, 51, 51, 51, 51, 51, 51, 51, 55, 51, 51, 51, 51, 51]]"
8792          ,6     ,1       ,1      ,2.2009493948868823,471         ,25000,[471]                                     ,round_robin        ,mnist  ,"[[51, 66, 51, 51, 55, 51, 51, 86, 51, 51, 51, 61, 51, 51, 51, 87, 51, 51, 51, 51, 56, 51, 51, 51, 51, 54, 51, 51, 51, 51, 51, 63, 51, 51, 51, 51, 51, 62, 51, 51, 51, 51, 51, 73, 51, 51, 51, 51, 51, 92, 51, 51, 51, 51, 51, 51, 53, 51, 51, 51, 51, 51, 51, 63, 51, 51, 51, 51, 51, 51, 95, 51, 51, 51, 51, 51, 51, 68, 51, 51, 51, 51, 51, 51, 51, 82, 51, 51, 51, 51, 51, 51, 51, 54, 51, 51, 51, 51, 51, 51, 51, 51, 58, 51, 51, 51, 51, 51, 51, 51, 90, 51, 51, 51, 51, 51, 51, 51, 51, 54, 51, 51, 51, 51, 51, 51, 51, 51, 55, 51, 51, 51, 51, 51, 51, 51, 51, 80, 51, 51, 51, 51, 51, 51, 51, 51, 101, 51, 51, 51, 51, 51, 51, 51, 51, 88, 51, 51, 51, 51, 51, 51, 51, 51, 51, 56, 51, 51, 51, 51, 51, 51, 51, 51, 51, 54, 51, 51, 51, 51, 51, 51, 51, 51, 51, 95, 51, 51, 51, 51, 51, 51, 51, 51, 51, 82, 51, 51, 51, 51, 51, 51, 51, 51, 51, 57, 51, 51, 51, 51, 51, 51, 51, 51, 51, 51, 88, 51, 51, 51, 51, 51, 51, 51, 51, 51, 51, 55, 51, 51, 51, 51, 51, 51, 51, 51, 51, 51, 87, 51, 51, 51, 51, 51, 51, 51, 51, 51, 51, 73, 51, 51, 51, 51, 51, 51, 51, 51, 51, 51, 54, 51, 51, 51, 51, 51, 51, 51, 51, 51, 51, 51, 70, 51, 51, 51, 51, 51, 51, 51, 51, 51, 51, 51, 54, 51, 51, 51, 51, 51, 51, 51, 51, 51, 51, 51, 69, 51, 51, 51, 51, 51, 51, 51, 51, 51, 51, 51, 83, 51, 51, 51, 51, 51, 51, 51, 51, 51, 51, 51, 78, 51, 51, 51, 51, 51, 51, 51, 51, 51, 51, 51, 55, 51, 51, 51, 51, 51, 51, 51, 51, 51, 51, 51, 51, 66, 51, 51, 51, 51, 51, 51, 51, 51, 51, 51, 51, 51, 53, 51, 51, 51, 51, 51, 51, 51, 51, 51, 51, 51, 51, 62, 51, 51, 51, 51, 51, 51, 51, 51, 51, 51, 51, 51, 53, 51, 51, 51, 51, 51, 51, 51, 51, 51, 51, 51, 51, 94, 51, 51, 51, 51, 51, 51, 51, 51, 51, 51, 51, 51, 80, 51, 51, 51, 51, 51, 51, 51, 51, 51, 51, 51, 51, 74, 51, 51, 51, 51, 51, 51, 51, 51, 51, 51, 51, 51, 51, 53, 51, 51, 51, 51, 51, 51, 51, 51, 51, 51, 51, 51, 51, 58, 51, 51, 51, 51, 51, 51, 51, 51, 51, 51, 51, 51, 51, 53, 51, 51, 51, 51, 51]]"
7513          ,7     ,4       ,1      ,1.2902662069772635,487         ,25000,[487]                                     ,round_robin        ,mnist  ,"[[51, 62, 51, 51, 52, 51, 51, 76, 51, 51, 51, 65, 51, 51, 51, 82, 51, 51, 51, 51, 57, 51, 51, 51, 51, 68, 51, 51, 51, 51, 51, 51, 51, 51, 51, 51, 51, 52, 51, 51, 51, 51, 51, 55, 51, 51, 51, 51, 51, 51, 51, 51, 51, 51, 51, 51, 51, 51, 51, 51, 51, 51, 51, 51, 51, 51, 51, 51, 51, 51, 51, 51, 51, 51, 51, 51, 51, 51, 51, 51, 51, 51, 51, 51, 51, 51, 51, 51, 51, 51, 51, 51, 51, 51, 51, 51, 51, 51, 51, 51, 51, 51, 51, 51, 51, 52, 51, 51, 51, 51, 51, 51, 51, 51, 54, 51, 51, 51, 51, 51, 51, 51, 51, 51, 51, 51, 51, 51, 51, 51, 51, 51, 51, 51, 51, 51, 51, 51, 51, 51, 51, 51, 51, 51, 51, 51, 51, 51, 51, 51, 51, 51, 51, 51, 51, 51, 51, 51, 51, 51, 51, 51, 51, 51, 51, 51, 51, 51, 51, 51, 51, 51, 51, 51, 51, 51, 51, 51, 51, 51, 51, 51, 51, 51, 51, 51, 51, 51, 51, 51, 51, 51, 51, 51, 51, 51, 51, 51, 51, 51, 51, 51, 51, 51, 51, 51, 51, 51, 51, 51, 51, 51, 51, 51, 51, 51, 51, 51, 51, 51, 51, 51, 51, 51, 51, 51, 51, 51, 51, 51, 51, 51, 51, 51, 51, 51, 51, 51, 51, 51, 51, 51, 51, 51, 51, 51, 51, 51, 51, 51, 51, 51, 51, 51, 51, 51, 51, 51, 51, 51, 51, 51, 51, 51, 51, 51, 51, 51, 51, 51, 51, 51, 51, 51, 51, 51, 51, 51, 51, 51, 51, 51, 51, 51, 51, 51, 51, 51, 51, 51, 51, 51, 51, 51, 51, 51, 51, 51, 51, 51, 51, 51, 51, 51, 51, 51, 51, 51, 51, 51, 51, 51, 51, 51, 51, 51, 51, 51, 51, 51, 51, 51, 51, 51, 51, 51, 51, 51, 51, 51, 51, 51, 51, 51, 51, 51, 51, 51, 51, 51, 51, 51, 51, 51, 51, 51, 51, 51, 51, 51, 51, 51, 51, 51, 51, 51, 51, 51, 51, 51, 51, 51, 51, 51, 51, 51, 51, 51, 51, 51, 51, 51, 51, 51, 51, 51, 51, 51, 51, 51, 51, 51, 51, 51, 51, 51, 51, 51, 51, 51, 51, 51, 51, 51, 51, 51, 51, 51, 51, 51, 51, 51, 51, 51, 51, 51, 51, 51, 51, 51, 51, 51, 51, 51, 51, 51, 51, 51, 51, 51, 51, 51, 51, 51, 51, 51, 51, 51, 51, 51, 51, 51, 51, 51, 51, 51, 51, 51, 51, 51, 51, 51, 51, 51, 51, 51, 51, 51, 51, 51, 51, 51, 51, 51, 51, 51, 51, 51, 51, 51, 51, 51, 51, 51, 51, 51, 51, 51, 51, 51, 51, 51, 51, 51, 51, 51, 51, 51, 51, 51, 51, 51, 51, 51, 51, 51, 52]]"
7041          ,7     ,3       ,1      ,1.5439261866319725,487         ,25000,[487]                                     ,round_robin        ,mnist  ,"[[51, 62, 51, 51, 53, 51, 51, 88, 51, 51, 51, 63, 51, 51, 51, 84, 51, 51, 51, 51, 52, 51, 51, 51, 51, 52, 51, 51, 51, 51, 51, 51, 51, 51, 51, 51, 51, 51, 51, 51, 51, 51, 51, 51, 51, 51, 51, 51, 51, 51, 51, 51, 51, 51, 51, 51, 51, 51, 51, 51, 51, 51, 51, 51, 51, 51, 51, 51, 51, 51, 51, 51, 51, 51, 51, 51, 51, 51, 51, 51, 52, 51, 51, 51, 51, 51, 51, 51, 51, 51, 51, 51, 51, 51, 51, 51, 51, 51, 51, 51, 51, 51, 51, 51, 51, 51, 51, 51, 51, 51, 51, 51, 51, 51, 51, 51, 51, 51, 51, 51, 51, 51, 51, 51, 51, 51, 51, 51, 51, 51, 51, 51, 51, 51, 51, 51, 51, 51, 51, 51, 51, 51, 51, 51, 51, 51, 51, 51, 51, 51, 51, 51, 51, 51, 51, 51, 51, 51, 51, 51, 51, 51, 51, 51, 51, 51, 51, 51, 51, 51, 51, 51, 51, 51, 51, 51, 51, 51, 51, 51, 51, 51, 51, 51, 51, 51, 51, 51, 51, 51, 51, 51, 51, 51, 51, 51, 51, 51, 51, 51, 51, 51, 51, 51, 51, 51, 51, 51, 51, 51, 51, 51, 51, 51, 51, 51, 51, 51, 51, 51, 51, 51, 51, 51, 51, 51, 51, 51, 51, 51, 51, 51, 51, 51, 51, 51, 51, 51, 51, 51, 51, 51, 51, 51, 51, 51, 51, 51, 51, 51, 51, 51, 51, 51, 51, 51, 51, 51, 51, 51, 51, 51, 51, 51, 51, 51, 51, 51, 51, 51, 51, 51, 51, 51, 51, 51, 51, 51, 51, 51, 51, 51, 51, 51, 51, 51, 51, 51, 51, 51, 51, 51, 51, 51, 51, 51, 51, 51, 51, 51, 51, 51, 51, 51, 51, 51, 51, 51, 51, 51, 51, 51, 51, 51, 51, 51, 51, 51, 51, 51, 51, 51, 51, 51, 51, 51, 51, 51, 51, 51, 51, 51, 51, 51, 51, 51, 51, 51, 51, 51, 51, 51, 51, 51, 51, 51, 51, 51, 51, 51, 51, 51, 51, 51, 51, 51, 51, 51, 51, 51, 51, 51, 51, 51, 51, 51, 51, 51, 51, 51, 51, 51, 51, 51, 51, 51, 51, 51, 51, 51, 51, 51, 51, 51, 51, 51, 51, 51, 51, 51, 51, 51, 51, 51, 51, 51, 51, 51, 51, 51, 51, 51, 51, 51, 51, 51, 51, 51, 51, 51, 51, 51, 51, 51, 51, 51, 51, 51, 51, 51, 51, 51, 51, 51, 51, 51, 51, 51, 51, 51, 51, 51, 51, 51, 51, 51, 51, 51, 51, 51, 51, 51, 51, 51, 51, 51, 51, 51, 51, 51, 51, 51, 51, 51, 51, 51, 51, 51, 51, 51, 51, 51, 51, 51, 51, 51, 51, 51, 51, 51, 51, 51, 51, 51, 51, 51, 51, 51, 51, 51, 52, 51, 51, 51, 51, 51, 51]]"
7270          ,1     ,3       ,10     ,2.261190063216981 ,440         ,25000,"[44, 44, 44, 44, 44, 44, 44, 44, 44, 44]",round_robin        ,mnist  ,"[[69, 68, 51, 51, 51, 51, 51, 70, 51, 51, 51, 51, 51, 51, 51, 51, 51, 51, 51, 51, 51, 51, 51, 51, 51, 51, 51, 51, 51, 51, 51, 51, 51, 51, 51, 51, 51, 51, 51, 51, 51, 51, 51, 51], [68, 68, 51, 51, 51, 51, 51, 69, 51, 51, 51, 51, 51, 51, 51, 51, 51, 51, 51, 51, 51, 51, 51, 51, 51, 51, 51, 51, 51, 51, 51, 51, 51, 51, 51, 51, 51, 51, 51, 51, 51, 51, 51, 51], [68, 68, 51, 51, 51, 51, 51, 69, 51, 51, 51, 51, 51, 51, 51, 51, 51, 51, 51, 51, 51, 51, 51, 51, 51, 51, 51, 51, 51, 51, 51, 51, 51, 51, 51, 51, 51, 51, 51, 51, 51, 51, 51, 51], [69, 67, 51, 51, 51, 51, 51, 69, 51, 51, 51, 51, 51, 51, 51, 51, 51, 51, 51, 51, 51, 51, 51, 51, 51, 51, 51, 51, 51, 51, 51, 51, 51, 51, 51, 51, 51, 51, 51, 51, 51, 51, 51, 51], [69, 68, 51, 51, 51, 51, 53, 67, 51, 51, 51, 51, 51, 51, 51, 51, 51, 51, 51, 51, 51, 51, 51, 51, 51, 51, 51, 51, 51, 51, 51, 51, 51, 51, 51, 51, 51, 51, 51, 51, 51, 51, 51, 51], [69, 67, 51, 51, 51, 51, 51, 70, 51, 51, 51, 51, 51, 51, 51, 51, 51, 51, 51, 51, 51, 51, 51, 51, 51, 51, 51, 51, 51, 51, 51, 51, 51, 51, 51, 51, 51, 51, 51, 51, 51, 51, 51, 51], [68, 67, 51, 51, 51, 51, 51, 70, 51, 51, 51, 51, 51, 51, 51, 51, 51, 51, 51, 51, 51, 51, 51, 51, 51, 51, 51, 51, 51, 51, 51, 51, 51, 51, 51, 51, 51, 51, 51, 51, 51, 51, 51, 51], [68, 67, 51, 51, 51, 51, 51, 70, 51, 51, 51, 51, 51, 51, 51, 51, 51, 51, 51, 51, 51, 51, 51, 51, 51, 51, 51, 51, 51, 51, 51, 51, 51, 51, 51, 51, 51, 51, 51, 51, 51, 51, 51, 51], [68, 67, 51, 51, 51, 51, 51, 70, 51, 51, 51, 51, 51, 51, 51, 51, 51, 51, 51, 51, 51, 51, 51, 51, 51, 51, 51, 51, 51, 51, 51, 51, 51, 51, 51, 51, 51, 51, 51, 51, 51, 51, 51, 51], [68, 67, 51, 51, 51, 51, 51, 70, 51, 51, 51, 51, 51, 51, 51, 51, 51, 51, 51, 51, 51, 51, 51, 51, 51, 51, 51, 51, 51, 51, 51, 51, 51, 51, 51, 51, 51, 51, 51, 51, 51, 51, 51, 51]]"
860           ,6     ,7       ,10     ,3.0551842925784225,349         ,25000,"[35, 35, 35, 35, 35, 35, 35, 35, 34, 35]",round_robin        ,mnist  ,"[[186, 79, 87, 79, 52, 60, 51, 51, 51, 51, 52, 51, 52, 57, 53, 52, 67, 52, 52, 71, 65, 59, 67, 53, 55, 82, 69, 70, 67, 57, 60, 88, 73, 52, 58], [186, 79, 86, 81, 52, 58, 51, 51, 51, 51, 51, 51, 51, 60, 52, 51, 68, 52, 51, 73, 65, 59, 67, 54, 54, 82, 69, 70, 67, 57, 62, 85, 74, 52, 58], [185, 80, 87, 79, 52, 59, 51, 51, 51, 51, 51, 51, 51, 60, 52, 51, 69, 51, 52, 72, 65, 59, 67, 53, 55, 82, 69, 70, 67, 57, 60, 87, 74, 51, 57], [186, 79, 87, 79, 52, 59, 51, 52, 51, 51, 51, 51, 51, 59, 51, 51, 69, 51, 52, 73, 65, 59, 66, 54, 54, 83, 69, 70, 67, 58, 58, 88, 74, 51, 57], [185, 80, 86, 81, 51, 59, 51, 52, 51, 52, 51, 52, 51, 57, 52, 51, 68, 51, 52, 73, 65, 59, 66, 54, 54, 83, 69, 70, 67, 57, 60, 87, 74, 51, 57], [185, 80, 87, 78, 52, 60, 51, 51, 51, 52, 51, 52, 51, 58, 52, 51, 68, 51, 52, 73, 64, 60, 66, 54, 54, 82, 70, 70, 67, 57, 60, 87, 74, 51, 59], [185, 80, 86, 80, 51, 60, 51, 51, 51, 51, 51, 51, 51, 60, 52, 51, 68, 51, 52, 73, 64, 59, 67, 53, 56, 82, 69, 70, 67, 57, 59, 88, 74, 51, 57], [185, 80, 86, 80, 51, 60, 51, 51, 51, 51, 51, 51, 51, 59, 53, 51, 68, 51, 52, 73, 64, 59, 67, 54, 54, 82, 70, 70, 67, 56, 62, 86, 73, 51, 59], [186, 80, 86, 80, 52, 59, 52, 88, 54, 56, 51, 52, 63, 53, 52, 67, 52, 52, 72, 64, 59, 67, 53, 55, 82, 69, 71, 66, 58, 59, 88, 74, 51, 58], [187, 80, 86, 79, 52, 59, 52, 51, 52, 51, 52, 51, 52, 56, 52, 52, 68, 52, 52, 72, 64, 60, 67, 53, 53, 83, 70, 70, 66, 57, 61, 87, 73, 51, 58]]"
6265          ,4     ,2       ,10     ,2.4651353827054354,380         ,25000,"[38, 38, 38, 38, 38, 38, 38, 38, 38, 38]",round_robin        ,mnist  ,"[[154, 87, 69, 65, 51, 90, 51, 51, 51, 51, 51, 51, 51, 51, 51, 51, 52, 71, 56, 51, 51, 63, 78, 51, 51, 51, 51, 51, 69, 61, 70, 51, 51, 51, 51, 77, 75, 51], [155, 87, 67, 67, 51, 90, 51, 51, 51, 51, 51, 51, 51, 51, 51, 51, 52, 71, 56, 51, 51, 63, 78, 51, 51, 51, 51, 52, 68, 60, 71, 52, 51, 51, 51, 76, 75, 51], [155, 87, 69, 65, 51, 90, 51, 51, 51, 51, 51, 51, 51, 51, 51, 51, 51, 72, 56, 51, 51, 64, 77, 51, 51, 51, 51, 51, 69, 60, 71, 52, 51, 51, 51, 76, 75, 51], [155, 87, 67, 67, 51, 89, 52, 51, 51, 51, 51, 51, 51, 51, 52, 51, 51, 70, 56, 51, 51, 65, 77, 51, 51, 51, 51, 51, 69, 60, 71, 51, 51, 51, 51, 77, 74, 52], [155, 88, 66, 67, 51, 89, 52, 51, 51, 51, 51, 51, 52, 51, 51, 51, 51, 70, 56, 51, 51, 65, 77, 51, 51, 51, 51, 51, 69, 60, 71, 51, 51, 51, 51, 78, 73, 51], [156, 88, 67, 66, 52, 88, 52, 51, 51, 51, 51, 51, 51, 51, 51, 51, 51, 71, 56, 51, 52, 64, 77, 51, 51, 51, 51, 51, 69, 60, 71, 51, 51, 52, 51, 76, 74, 51], [155, 87, 67, 67, 51, 89, 51, 51, 51, 51, 51, 51, 51, 51, 51, 52, 51, 71, 56, 51, 51, 64, 78, 51, 52, 51, 51, 51, 68, 60, 71, 51, 51, 51, 52, 76, 74, 51], [154, 88, 68, 66, 51, 89, 51, 51, 51, 51, 51, 51, 51, 51, 51, 51, 52, 71, 56, 51, 51, 64, 78, 52, 52, 51, 51, 51, 67, 60, 71, 51, 51, 51, 51, 77, 74, 51], [155, 88, 66, 68, 51, 88, 52, 52, 51, 51, 51, 51, 51, 51, 51, 51, 52, 70, 56, 52, 51, 63, 77, 51, 52, 51, 51, 51, 69, 60, 70, 51, 51, 51, 51, 78, 74, 51], [155, 88, 66, 68, 51, 89, 51, 51, 51, 51, 51, 52, 51, 52, 51, 51, 52, 69, 56, 51, 51, 64, 77, 51, 52, 51, 51, 51, 69, 60, 71, 51, 51, 51, 51, 76, 75, 51]]"
4426          ,9     ,7       ,10     ,1.5072279249247527,460         ,25000,"[46, 46, 46, 46, 46, 46, 46, 46, 46, 46]",round_robin        ,mnist  ,"[[51, 65, 51, 51, 51, 51, 51, 51, 51, 51, 51, 51, 51, 51, 51, 51, 51, 51, 51, 51, 51, 51, 51, 51, 51, 51, 51, 51, 51, 51, 51, 51, 51, 51, 51, 51, 51, 51, 51, 51, 51, 51, 51, 51, 51, 51], [51, 66, 51, 51, 51, 51, 51, 51, 51, 51, 51, 51, 51, 51, 51, 51, 51, 51, 51, 51, 51, 51, 51, 51, 51, 51, 51, 51, 51, 51, 51, 51, 51, 51, 51, 51, 51, 51, 51, 51, 51, 51, 51, 51, 51, 51], [51, 66, 51, 51, 51, 51, 51, 51, 51, 51, 51, 51, 51, 51, 51, 51, 51, 51, 51, 51, 51, 51, 51, 51, 51, 51, 51, 51, 51, 51, 51, 51, 51, 51, 51, 51, 51, 51, 51, 51, 51, 51, 51, 51, 51, 51], [51, 66, 51, 51, 51, 51, 51, 51, 51, 51, 51, 51, 51, 51, 51, 51, 51, 51, 51, 51, 51, 51, 51, 51, 51, 51, 51, 51, 51, 51, 51, 51, 51, 51, 51, 51, 51, 51, 51, 51, 51, 51, 51, 51, 51, 51], [51, 66, 51, 51, 51, 51, 51, 52, 51, 51, 51, 51, 51, 51, 51, 51, 51, 51, 51, 51, 51, 51, 51, 51, 51, 51, 51, 51, 51, 51, 51, 51, 51, 51, 51, 51, 51, 51, 51, 51, 51, 51, 51, 51, 51, 51], [51, 65, 51, 51, 51, 51, 51, 53, 51, 51, 51, 51, 51, 51, 51, 51, 51, 51, 51, 51, 51, 51, 51, 51, 51, 51, 51, 51, 51, 51, 51, 51, 51, 51, 51, 51, 51, 51, 51, 51, 51, 51, 51, 51, 51, 51], [51, 65, 51, 51, 51, 51, 51, 51, 51, 51, 51, 51, 51, 51, 51, 51, 51, 51, 51, 51, 51, 51, 51, 51, 51, 51, 51, 51, 51, 51, 51, 51, 51, 51, 51, 51, 51, 51, 51, 51, 51, 51, 51, 51, 51, 51], [51, 65, 51, 51, 51, 51, 51, 51, 51, 51, 51, 51, 51, 51, 51, 51, 51, 51, 51, 51, 51, 51, 51, 51, 51, 51, 51, 51, 51, 51, 51, 51, 51, 51, 51, 51, 51, 51, 51, 51, 51, 51, 51, 51, 51, 51], [51, 65, 51, 51, 51, 51, 51, 52, 51, 51, 51, 51, 51, 51, 51, 51, 51, 51, 51, 51, 51, 51, 51, 51, 51, 51, 51, 51, 51, 51, 51, 51, 51, 51, 51, 51, 51, 51, 51, 51, 51, 51, 51, 51, 51, 51], [51, 66, 51, 51, 51, 51, 51, 51, 51, 51, 51, 51, 51, 51, 51, 51, 51, 51, 51, 51, 52, 51, 51, 51, 51, 51, 51, 51, 51, 51, 51, 51, 51, 51, 51, 51, 51, 51, 51, 51, 51, 51, 51, 51, 51, 51]]"
8322          ,9     ,5       ,10     ,1.7896837221918858,450         ,25000,"[45, 45, 45, 45, 45, 45, 45, 45, 45, 45]",round_robin        ,mnist  ,"[[56, 79, 51, 51, 51, 51, 51, 51, 51, 51, 51, 51, 51, 51, 51, 51, 51, 51, 51, 51, 51, 51, 51, 51, 51, 51, 51, 51, 51, 51, 51, 51, 51, 51, 51, 51, 51, 51, 51, 51, 51, 51, 52, 51, 51], [56, 79, 51, 51, 51, 51, 51, 51, 51, 51, 51, 51, 51, 51, 51, 51, 51, 51, 51, 51, 51, 51, 51, 51, 51, 51, 51, 51, 51, 51, 51, 51, 51, 51, 51, 51, 51, 51, 51, 51, 51, 51, 52, 51, 51], [56, 79, 51, 51, 51, 51, 51, 51, 51, 51, 51, 51, 51, 51, 51, 51, 51, 51, 51, 51, 51, 51, 51, 51, 51, 51, 51, 51, 51, 51, 51, 51, 51, 51, 51, 51, 51, 51, 51, 51, 51, 51, 52, 51, 51], [56, 79, 51, 51, 51, 51, 51, 51, 51, 51, 51, 51, 51, 51, 51, 51, 51, 51, 51, 51, 51, 51, 51, 51, 51, 51, 51, 51, 51, 51, 51, 51, 51, 51, 51, 51, 51, 51, 51, 51, 51, 51, 51, 51, 51], [56, 78, 51, 51, 51, 51, 51, 51, 51, 51, 51, 51, 51, 51, 51, 51, 51, 51, 51, 51, 51, 51, 51, 51, 51, 51, 51, 51, 51, 51, 51, 51, 51, 51, 51, 51, 51, 51, 51, 51, 51, 51, 51, 51, 51], [56, 79, 51, 51, 51, 51, 52, 51, 51, 51, 51, 51, 51, 51, 51, 51, 51, 51, 51, 51, 51, 51, 51, 51, 51, 51, 51, 51, 51, 51, 51, 51, 51, 51, 51, 51, 51, 51, 51, 51, 51, 51, 51, 51, 51], [56, 78, 51, 51, 51, 51, 51, 52, 51, 51, 51, 51, 51, 51, 51, 51, 51, 51, 51, 51, 51, 51, 51, 51, 51, 51, 51, 51, 51, 51, 51, 51, 51, 51, 51, 51, 51, 51, 51, 51, 51, 51, 51, 51, 51], [56, 79, 51, 51, 51, 51, 51, 51, 51, 51, 51, 51, 51, 51, 51, 51, 51, 51, 51, 51, 51, 51, 51, 51, 51, 51, 51, 51, 51, 51, 51, 51, 51, 51, 51, 51, 51, 51, 51, 51, 51, 51, 51, 51, 51], [55, 79, 51, 51, 51, 51, 51, 51, 51, 51, 51, 51, 51, 51, 51, 51, 51, 51, 51, 51, 51, 51, 51, 51, 51, 51, 51, 51, 51, 51, 51, 51, 51, 51, 51, 51, 51, 51, 51, 51, 51, 51, 51, 51, 51], [56, 78, 51, 51, 51, 51, 51, 51, 51, 51, 51, 51, 51, 51, 51, 51, 51, 51, 51, 51, 51, 51, 51, 51, 51, 51, 51, 51, 51, 51, 51, 51, 51, 51, 51, 51, 51, 51, 51, 51, 51, 51, 52, 51, 51]]"
769           ,6     ,7       ,10     ,2.31367815030533  ,350         ,25000,"[35, 35, 35, 35, 35, 35, 35, 35, 35, 35]",round_robin        ,mnist  ,"[[113, 82, 51, 51, 51, 51, 62, 64, 51, 52, 55, 51, 54, 58, 51, 63, 52, 52, 73, 51, 52, 51, 51, 51, 51, 70, 62, 64, 69, 51, 78, 81, 70, 67, 64], [115, 80, 51, 51, 51, 51, 62, 64, 51, 51, 56, 51, 54, 58, 51, 62, 52, 52, 73, 51, 52, 51, 52, 51, 51, 70, 62, 63, 69, 51, 79, 81, 71, 66, 64], [115, 79, 51, 51, 51, 51, 62, 65, 51, 52, 55, 51, 53, 59, 51, 63, 51, 52, 73, 51, 52, 51, 51, 51, 51, 71, 62, 63, 69, 51, 79, 81, 71, 66, 64], [114, 80, 51, 51, 51, 52, 61, 65, 51, 52, 54, 51, 55, 58, 51, 62, 51, 53, 73, 51, 51, 51, 51, 51, 51, 72, 62, 63, 69, 51, 79, 81, 70, 67, 63], [115, 80, 51, 52, 51, 51, 61, 65, 51, 52, 54, 51, 54, 59, 51, 62, 51, 52, 74, 52, 51, 51, 51, 51, 51, 71, 61, 64, 69, 52, 78, 81, 70, 67, 64], [115, 80, 51, 53, 51, 51, 60, 65, 51, 52, 54, 51, 54, 58, 52, 62, 51, 52, 74, 52, 51, 52, 51, 51, 51, 70, 61, 64, 69, 52, 78, 81, 70, 67, 64], [115, 80, 51, 53, 51, 51, 60, 64, 51, 52, 55, 51, 54, 58, 52, 62, 51, 52, 74, 52, 51, 52, 52, 51, 51, 69, 61, 64, 69, 52, 77, 82, 70, 67, 63], [115, 80, 51, 52, 51, 51, 61, 64, 51, 52, 55, 51, 54, 58, 52, 62, 51, 52, 74, 52, 51, 52, 52, 51, 51, 69, 61, 64, 69, 52, 77, 82, 70, 66, 64], [115, 80, 51, 52, 51, 51, 62, 63, 52, 51, 55, 51, 54, 58, 51, 63, 52, 52, 73, 51, 51, 51, 52, 51, 51, 70, 62, 63, 70, 51, 78, 81, 71, 66, 64], [115, 80, 51, 52, 52, 51, 60, 64, 51, 52, 55, 51, 54, 58, 51, 63, 52, 52, 73, 51, 51, 51, 52, 51, 51, 70, 62, 64, 68, 52, 78, 82, 70, 66, 64]]"
6949          ,2     ,1       ,10     ,1.8846424099101962,470         ,25000,"[47, 47, 47, 47, 47, 47, 47, 47, 47, 47]",round_robin        ,mnist  ,"[[51, 51, 51, 51, 51, 51, 51, 51, 51, 51, 51, 51, 51, 51, 51, 51, 51, 51, 51, 51, 51, 51, 51, 51, 51, 51, 51, 51, 51, 51, 51, 51, 51, 51, 51, 51, 51, 51, 51, 51, 51, 51, 51, 51, 51, 51, 51], [51, 51, 51, 51, 51, 51, 51, 51, 51, 51, 51, 51, 51, 51, 51, 51, 51, 51, 51, 51, 51, 51, 51, 51, 51, 51, 51, 51, 51, 51, 51, 51, 51, 51, 51, 51, 51, 51, 51, 51, 51, 51, 51, 51, 51, 51, 51], [51, 51, 51, 51, 51, 51, 51, 51, 51, 51, 51, 51, 51, 51, 51, 51, 51, 51, 51, 51, 51, 51, 51, 51, 51, 51, 51, 51, 51, 51, 51, 51, 51, 51, 51, 51, 51, 51, 51, 51, 51, 51, 51, 51, 51, 51, 51], [51, 51, 51, 51, 51, 51, 51, 51, 51, 51, 51, 51, 51, 51, 51, 51, 51, 51, 51, 51, 51, 51, 51, 51, 51, 51, 51, 51, 51, 51, 51, 51, 51, 51, 51, 51, 51, 51, 51, 51, 51, 51, 51, 51, 51, 51, 51], [51, 51, 51, 51, 51, 51, 51, 51, 51, 51, 51, 51, 51, 51, 51, 51, 51, 51, 51, 51, 51, 51, 51, 51, 51, 51, 51, 51, 51, 51, 51, 51, 51, 51, 51, 51, 51, 51, 51, 51, 51, 51, 51, 51, 51, 51, 51], [51, 51, 51, 51, 51, 51, 51, 51, 51, 51, 51, 51, 51, 51, 51, 51, 51, 51, 51, 51, 51, 51, 51, 51, 51, 51, 51, 51, 51, 51, 51, 51, 51, 51, 51, 51, 51, 51, 51, 51, 51, 51, 51, 51, 51, 51, 51], [51, 51, 51, 51, 51, 51, 51, 51, 51, 51, 51, 51, 51, 51, 51, 51, 51, 51, 51, 51, 51, 51, 51, 51, 51, 51, 51, 51, 51, 51, 51, 51, 51, 51, 51, 51, 51, 51, 51, 51, 51, 51, 51, 51, 51, 51, 51], [51, 51, 51, 51, 51, 51, 51, 51, 51, 51, 51, 51, 51, 51, 51, 51, 51, 51, 51, 51, 51, 51, 51, 51, 51, 51, 51, 51, 51, 51, 51, 51, 51, 51, 51, 51, 51, 51, 51, 51, 51, 51, 51, 51, 51, 51, 51], [51, 51, 51, 51, 51, 51, 51, 51, 52, 51, 51, 51, 51, 51, 51, 51, 51, 51, 51, 51, 51, 51, 51, 51, 51, 51, 51, 51, 51, 51, 51, 51, 51, 51, 51, 51, 51, 51, 51, 51, 51, 51, 51, 51, 51, 51, 51], [51, 51, 51, 51, 51, 51, 51, 51, 51, 51, 51, 51, 51, 51, 51, 51, 51, 51, 51, 51, 51, 51, 51, 51, 51, 51, 51, 51, 51, 51, 51, 51, 51, 51, 51, 51, 51, 51, 51, 51, 51, 51, 51, 51, 51, 51, 51]]"
5311          ,9     ,4       ,10     ,1.1616613946604981,470         ,25000,"[47, 47, 47, 47, 47, 47, 47, 47, 47, 47]",round_robin        ,mnist  ,"[[51, 52, 51, 51, 51, 51, 51, 51, 51, 51, 51, 51, 51, 51, 51, 51, 51, 51, 51, 51, 51, 51, 51, 51, 51, 51, 51, 51, 51, 51, 51, 51, 51, 51, 51, 51, 51, 51, 51, 51, 51, 51, 51, 51, 51, 51, 51], [51, 52, 51, 51, 51, 51, 51, 51, 51, 51, 51, 51, 51, 51, 51, 51, 51, 51, 51, 51, 51, 51, 51, 51, 51, 51, 51, 51, 51, 51, 51, 51, 51, 51, 51, 51, 51, 51, 51, 51, 51, 51, 51, 51, 51, 51, 51], [51, 52, 51, 51, 51, 51, 51, 51, 51, 51, 51, 51, 51, 51, 51, 51, 51, 51, 51, 51, 51, 51, 51, 51, 51, 51, 51, 51, 51, 51, 51, 51, 51, 51, 51, 51, 51, 51, 51, 51, 51, 51, 51, 51, 51, 51, 51], [51, 53, 51, 51, 51, 51, 51, 51, 51, 51, 51, 51, 51, 51, 51, 51, 51, 51, 51, 51, 51, 51, 51, 51, 51, 51, 51, 51, 51, 51, 51, 51, 51, 51, 51, 51, 51, 51, 51, 51, 51, 51, 51, 51, 51, 51, 51], [51, 54, 51, 51, 51, 51, 51, 51, 51, 51, 51, 51, 51, 51, 51, 51, 51, 51, 51, 51, 51, 51, 51, 51, 51, 51, 51, 51, 51, 51, 51, 51, 51, 51, 51, 51, 51, 51, 51, 51, 51, 51, 51, 51, 51, 51, 51], [51, 54, 51, 51, 51, 51, 51, 51, 51, 51, 51, 51, 51, 51, 51, 51, 51, 51, 51, 51, 51, 51, 51, 51, 51, 51, 52, 51, 51, 51, 51, 51, 51, 51, 51, 51, 51, 51, 51, 51, 51, 51, 51, 51, 51, 51, 51], [51, 53, 51, 51, 51, 51, 51, 51, 51, 51, 51, 51, 51, 51, 51, 51, 51, 51, 51, 51, 51, 51, 51, 51, 51, 51, 51, 51, 51, 51, 51, 51, 51, 51, 51, 51, 51, 51, 51, 51, 51, 51, 51, 51, 51, 51, 51], [51, 52, 51, 51, 51, 51, 51, 51, 51, 51, 51, 51, 51, 51, 51, 51, 51, 51, 51, 51, 51, 51, 51, 51, 51, 51, 51, 51, 51, 51, 51, 51, 51, 51, 51, 51, 51, 51, 51, 51, 51, 51, 51, 51, 51, 51, 51], [51, 52, 51, 51, 51, 51, 51, 51, 51, 51, 51, 51, 51, 51, 51, 51, 51, 51, 51, 51, 51, 51, 51, 51, 51, 51, 51, 51, 51, 51, 51, 51, 51, 51, 51, 51, 51, 51, 51, 51, 51, 51, 51, 51, 51, 51, 51], [51, 53, 51, 51, 51, 51, 51, 51, 51, 51, 51, 51, 51, 51, 51, 51, 51, 51, 51, 51, 51, 51, 51, 51, 51, 51, 51, 51, 51, 51, 51, 51, 51, 51, 51, 51, 51, 51, 51, 51, 51, 51, 51, 51, 51, 51, 51]]"
1184          ,2     ,9       ,10     ,2.017435277957541 ,399         ,25000,"[40, 39, 40, 40, 40, 40, 40, 40, 40, 40]",round_robin        ,mnist  ,"[[84, 83, 54, 51, 51, 51, 70, 51, 51, 51, 51, 51, 51, 51, 51, 61, 57, 51, 63, 51, 69, 58, 51, 71, 66, 61, 69, 51, 51, 51, 51, 51, 51, 51, 51, 67, 51, 51, 51, 58], [101, 81, 51, 51, 81, 51, 51, 69, 56, 51, 51, 51, 51, 51, 66, 57, 51, 63, 51, 69, 58, 51, 71, 66, 61, 69, 51, 51, 51, 51, 51, 51, 51, 51, 67, 51, 51, 51, 58], [83, 84, 55, 51, 51, 77, 51, 51, 51, 51, 51, 51, 51, 51, 51, 53, 57, 51, 63, 51, 69, 58, 51, 71, 66, 61, 69, 51, 51, 51, 51, 51, 51, 51, 51, 67, 51, 51, 51, 58], [84, 84, 54, 51, 51, 51, 69, 51, 51, 51, 51, 51, 51, 51, 51, 62, 57, 51, 62, 51, 70, 58, 51, 71, 66, 61, 69, 51, 51, 51, 51, 51, 51, 51, 51, 67, 51, 51, 51, 58], [84, 83, 55, 51, 51, 51, 69, 51, 51, 51, 51, 51, 51, 51, 51, 62, 57, 51, 62, 51, 70, 58, 51, 71, 66, 61, 68, 51, 51, 51, 51, 51, 51, 51, 51, 68, 51, 51, 51, 58], [84, 83, 55, 51, 51, 78, 51, 51, 51, 51, 51, 51, 51, 51, 51, 53, 57, 51, 62, 51, 70, 58, 51, 71, 66, 61, 68, 51, 51, 51, 51, 52, 51, 51, 51, 66, 51, 51, 51, 59], [84, 83, 54, 51, 51, 51, 70, 51, 51, 51, 51, 51, 51, 51, 51, 61, 58, 51, 62, 51, 70, 58, 51, 71, 65, 62, 68, 51, 51, 51, 51, 52, 51, 51, 51, 67, 51, 51, 51, 57], [85, 84, 54, 51, 51, 78, 51, 51, 51, 51, 51, 51, 51, 51, 51, 52, 58, 51, 62, 51, 69, 58, 51, 72, 66, 61, 68, 51, 51, 51, 51, 51, 51, 51, 51, 68, 51, 51, 51, 58], [85, 84, 54, 51, 51, 77, 51, 51, 51, 51, 51, 51, 51, 51, 51, 53, 58, 51, 62, 51, 70, 57, 51, 71, 67, 61, 68, 51, 51, 51, 51, 51, 51, 51, 51, 67, 51, 51, 51, 58], [85, 83, 54, 51, 51, 51, 70, 51, 51, 51, 51, 51, 51, 51, 51, 61, 57, 51, 63, 51, 69, 58, 51, 71, 66, 61, 69, 51, 51, 51, 51, 51, 51, 51, 51, 67, 51, 51, 51, 58]]"
6396          ,4     ,8       ,10     ,1.9446839121705521,440         ,25000,"[44, 44, 44, 44, 44, 44, 44, 44, 44, 44]",round_robin        ,mnist  ,"[[55, 51, 52, 51, 51, 66, 51, 51, 51, 51, 51, 51, 51, 51, 51, 51, 51, 51, 51, 51, 51, 59, 51, 51, 51, 51, 51, 51, 51, 51, 51, 51, 51, 51, 51, 51, 51, 51, 51, 51, 51, 51, 51, 51], [55, 51, 53, 51, 51, 65, 51, 51, 51, 51, 51, 51, 51, 51, 51, 51, 51, 51, 51, 51, 51, 58, 51, 51, 51, 51, 51, 51, 51, 51, 51, 51, 51, 51, 51, 51, 51, 51, 51, 51, 51, 51, 51, 51], [55, 51, 52, 51, 51, 66, 51, 51, 51, 51, 51, 51, 51, 51, 51, 51, 51, 51, 51, 51, 51, 58, 51, 51, 51, 51, 51, 51, 51, 51, 51, 51, 51, 51, 51, 51, 51, 51, 51, 51, 51, 51, 51, 51], [55, 51, 52, 51, 51, 66, 51, 51, 51, 51, 51, 51, 51, 51, 51, 51, 51, 51, 51, 51, 51, 58, 51, 51, 51, 51, 51, 51, 51, 51, 51, 51, 51, 51, 51, 51, 51, 51, 51, 51, 51, 51, 51, 51], [54, 51, 52, 51, 51, 66, 51, 51, 51, 51, 51, 51, 51, 51, 51, 51, 51, 51, 51, 51, 51, 59, 51, 51, 51, 51, 51, 51, 51, 51, 51, 51, 51, 51, 51, 51, 51, 51, 51, 51, 51, 51, 51, 51], [54, 51, 53, 51, 51, 66, 51, 51, 51, 51, 51, 51, 51, 51, 51, 51, 51, 51, 51, 51, 51, 58, 51, 51, 51, 51, 51, 51, 51, 51, 51, 51, 51, 51, 51, 51, 51, 51, 51, 51, 51, 51, 51, 51], [55, 51, 52, 51, 51, 66, 51, 51, 51, 51, 51, 51, 51, 51, 51, 51, 51, 51, 51, 51, 51, 58, 51, 51, 51, 51, 51, 51, 51, 51, 51, 51, 51, 51, 51, 51, 51, 51, 51, 51, 51, 51, 51, 51], [55, 51, 53, 51, 51, 66, 51, 51, 51, 51, 51, 51, 51, 51, 51, 51, 51, 51, 51, 51, 51, 58, 51, 51, 51, 51, 51, 51, 51, 51, 51, 51, 51, 51, 51, 51, 51, 51, 51, 51, 51, 51, 51, 51], [54, 51, 53, 51, 51, 66, 51, 51, 51, 51, 51, 51, 51, 51, 51, 51, 51, 51, 51, 51, 51, 57, 51, 51, 51, 51, 51, 51, 51, 51, 51, 51, 51, 51, 51, 51, 51, 51, 51, 51, 51, 51, 51, 51], [55, 51, 53, 51, 51, 65, 51, 51, 51, 51, 51, 51, 51, 51, 51, 51, 51, 51, 51, 51, 51, 59, 51, 51, 51, 51, 51, 51, 51, 51, 51, 51, 51, 51, 51, 51, 51, 51, 51, 51, 51, 51, 51, 51]]"
8666          ,1     ,9       ,10     ,1.7622729065753087,450         ,25000,"[45, 45, 45, 45, 45, 45, 45, 45, 45, 45]",round_robin        ,mnist  ,"[[51, 51, 51, 51, 51, 51, 51, 51, 51, 51, 51, 51, 51, 51, 51, 51, 51, 51, 51, 51, 51, 51, 51, 51, 51, 51, 51, 51, 51, 51, 51, 51, 51, 51, 51, 51, 51, 51, 51, 51, 51, 51, 51, 51, 51], [51, 51, 51, 51, 51, 51, 51, 51, 51, 51, 51, 51, 51, 51, 51, 51, 51, 51, 51, 51, 51, 51, 51, 51, 51, 51, 51, 51, 51, 51, 51, 51, 51, 51, 51, 51, 51, 51, 51, 51, 51, 51, 51, 51, 51], [51, 51, 51, 51, 51, 51, 51, 51, 51, 51, 51, 51, 51, 51, 51, 51, 51, 51, 51, 51, 51, 51, 51, 51, 51, 51, 51, 51, 51, 51, 51, 51, 51, 51, 51, 51, 51, 51, 51, 51, 51, 51, 51, 51, 51], [51, 51, 51, 51, 51, 51, 51, 51, 51, 51, 51, 51, 51, 51, 51, 51, 51, 51, 51, 51, 51, 51, 51, 51, 51, 51, 51, 51, 51, 51, 51, 51, 51, 51, 51, 51, 51, 51, 51, 51, 51, 51, 51, 51, 51], [51, 51, 51, 51, 51, 51, 51, 51, 51, 51, 51, 51, 51, 51, 51, 51, 51, 51, 51, 51, 51, 51, 51, 51, 51, 51, 51, 51, 51, 51, 51, 51, 51, 51, 51, 51, 51, 51, 51, 51, 51, 51, 51, 51, 51], [51, 51, 51, 51, 51, 51, 51, 51, 51, 51, 51, 51, 51, 51, 51, 51, 51, 51, 51, 51, 51, 51, 51, 51, 51, 51, 51, 51, 51, 51, 51, 51, 51, 51, 51, 51, 51, 51, 51, 51, 51, 51, 51, 51, 51], [51, 51, 51, 51, 51, 51, 51, 51, 51, 51, 51, 51, 51, 51, 51, 51, 51, 51, 51, 51, 51, 51, 51, 51, 51, 51, 51, 51, 51, 51, 51, 51, 51, 51, 51, 51, 51, 51, 51, 51, 51, 51, 51, 51, 51], [51, 51, 51, 51, 51, 51, 51, 51, 51, 51, 51, 51, 51, 51, 51, 51, 51, 51, 51, 51, 51, 51, 51, 51, 51, 51, 51, 51, 51, 51, 51, 51, 51, 51, 51, 51, 51, 51, 51, 51, 51, 51, 51, 51, 51], [51, 51, 51, 51, 51, 51, 51, 51, 51, 51, 51, 51, 51, 51, 51, 51, 51, 51, 51, 51, 51, 51, 51, 51, 51, 51, 51, 51, 51, 51, 51, 51, 51, 51, 51, 51, 51, 51, 51, 51, 51, 51, 51, 51, 51], [51, 51, 51, 51, 51, 51, 51, 51, 51, 51, 51, 51, 51, 51, 51, 51, 51, 51, 51, 51, 51, 51, 51, 51, 51, 51, 51, 51, 51, 51, 51, 51, 51, 51, 51, 51, 51, 51, 51, 51, 51, 51, 51, 51, 51]]"
2047          ,6     ,2       ,10     ,2.1694903002539307,380         ,25000,"[38, 38, 38, 38, 38, 38, 38, 38, 38, 38]",round_robin        ,mnist  ,"[[76, 60, 114, 64, 51, 51, 51, 96, 51, 51, 51, 51, 51, 51, 60, 51, 51, 51, 70, 65, 51, 51, 72, 67, 51, 67, 52, 51, 51, 51, 65, 51, 51, 51, 51, 76, 51, 51], [76, 61, 112, 64, 51, 51, 51, 96, 51, 51, 51, 51, 51, 51, 60, 51, 51, 51, 71, 65, 51, 51, 72, 66, 51, 68, 52, 51, 51, 51, 66, 51, 51, 51, 51, 75, 51, 51], [76, 61, 112, 65, 51, 51, 93, 53, 51, 51, 51, 51, 51, 51, 61, 51, 51, 51, 70, 65, 51, 51, 72, 67, 51, 66, 52, 51, 51, 51, 66, 51, 51, 51, 51, 76, 51, 51], [76, 61, 111, 65, 51, 51, 51, 96, 51, 51, 51, 51, 51, 51, 60, 51, 51, 51, 70, 65, 51, 51, 73, 66, 51, 68, 52, 51, 51, 51, 66, 51, 51, 51, 51, 75, 51, 51], [76, 60, 113, 64, 51, 51, 51, 96, 51, 51, 51, 51, 52, 51, 60, 51, 51, 51, 69, 66, 52, 51, 71, 66, 51, 67, 52, 51, 51, 51, 66, 51, 51, 51, 51, 76, 51, 51], [75, 61, 112, 65, 52, 51, 94, 52, 51, 51, 51, 51, 51, 51, 60, 51, 51, 51, 70, 66, 52, 51, 71, 66, 51, 68, 52, 51, 51, 51, 65, 51, 51, 51, 51, 76, 51, 51], [75, 61, 113, 64, 51, 52, 93, 53, 51, 51, 51, 51, 51, 51, 60, 52, 51, 51, 69, 65, 52, 51, 72, 66, 52, 66, 53, 51, 51, 52, 65, 51, 51, 51, 52, 74, 51, 51], [75, 60, 114, 64, 51, 51, 51, 96, 51, 51, 51, 51, 51, 51, 60, 51, 52, 51, 69, 66, 51, 51, 72, 66, 52, 66, 52, 51, 51, 51, 66, 51, 51, 51, 52, 74, 51, 51], [75, 62, 113, 64, 51, 51, 51, 96, 51, 51, 51, 51, 51, 51, 60, 51, 52, 51, 69, 66, 51, 51, 71, 67, 52, 66, 52, 51, 51, 51, 66, 51, 51, 51, 51, 75, 51, 51], [76, 61, 112, 65, 51, 51, 51, 96, 51, 51, 51, 51, 51, 52, 59, 51, 52, 52, 68, 65, 51, 51, 73, 66, 52, 66, 52, 51, 51, 51, 66, 51, 51, 51, 51, 75, 51, 51]]"
1899          ,8     ,6       ,10     ,2.672553614079563 ,390         ,25000,"[39, 39, 39, 39, 39, 39, 39, 39, 39, 39]",round_robin        ,mnist  ,"[[78, 91, 51, 52, 75, 51, 51, 51, 51, 51, 51, 51, 51, 52, 51, 60, 51, 51, 51, 51, 51, 51, 70, 51, 51, 51, 51, 51, 52, 51, 51, 51, 51, 51, 51, 51, 51, 51, 51], [77, 54, 52, 51, 76, 51, 51, 51, 51, 51, 51, 52, 51, 51, 52, 58, 51, 51, 51, 51, 51, 51, 70, 51, 51, 51, 51, 51, 52, 51, 51, 51, 51, 51, 51, 51, 51, 51, 51], [79, 53, 52, 51, 75, 51, 51, 51, 51, 51, 51, 52, 51, 51, 51, 59, 51, 51, 51, 51, 51, 51, 70, 51, 51, 51, 51, 51, 51, 51, 51, 51, 51, 51, 51, 51, 51, 51, 51], [78, 54, 51, 52, 75, 51, 51, 51, 51, 51, 51, 51, 51, 51, 51, 60, 52, 51, 51, 51, 51, 51, 69, 51, 51, 51, 51, 51, 51, 51, 51, 51, 51, 51, 51, 51, 51, 51, 51], [78, 54, 51, 52, 75, 52, 51, 51, 51, 51, 51, 51, 51, 51, 51, 59, 51, 52, 51, 51, 51, 52, 69, 51, 51, 51, 51, 51, 51, 51, 51, 51, 51, 51, 51, 51, 51, 51, 51], [78, 120, 51, 51, 51, 51, 51, 51, 51, 51, 51, 51, 51, 51, 51, 56, 51, 51, 51, 51, 51, 51, 70, 51, 51, 51, 51, 51, 51, 51, 51, 51, 51, 51, 51, 51, 51, 51, 51], [77, 121, 51, 51, 51, 51, 51, 51, 51, 51, 51, 51, 51, 51, 51, 55, 51, 51, 51, 51, 51, 51, 71, 51, 51, 51, 51, 51, 51, 51, 51, 51, 51, 51, 51, 51, 51, 51, 51], [78, 83, 51, 51, 51, 51, 51, 51, 51, 51, 51, 51, 51, 51, 51, 56, 51, 51, 51, 51, 51, 51, 70, 51, 51, 51, 51, 51, 51, 51, 51, 52, 51, 51, 51, 51, 51, 51, 51], [78, 83, 51, 51, 52, 51, 51, 51, 51, 51, 51, 51, 51, 51, 51, 55, 51, 51, 51, 51, 51, 51, 70, 52, 51, 51, 51, 51, 51, 51, 51, 52, 51, 51, 51, 51, 51, 51, 51], [78, 83, 51, 51, 51, 51, 51, 51, 51, 51, 51, 51, 51, 52, 51, 54, 51, 51, 51, 51, 52, 51, 71, 51, 51, 51, 51, 52, 51, 51, 51, 51, 51, 51, 51, 51, 51, 51, 51]]"
1267          ,8     ,2       ,10     ,2.5130970363939684,420         ,25000,"[42, 42, 42, 42, 42, 42, 42, 42, 42, 42]",round_robin        ,mnist  ,"[[89, 56, 51, 51, 51, 51, 77, 51, 51, 51, 51, 51, 51, 51, 51, 51, 51, 51, 51, 73, 51, 51, 51, 51, 51, 51, 51, 51, 51, 51, 51, 51, 51, 51, 51, 51, 51, 51, 51, 51, 51, 51], [89, 58, 51, 51, 70, 51, 55, 51, 51, 51, 51, 51, 51, 51, 51, 51, 51, 51, 51, 74, 51, 51, 51, 51, 51, 51, 51, 51, 51, 51, 51, 51, 51, 51, 51, 51, 51, 51, 51, 51, 51, 51], [88, 56, 51, 51, 51, 51, 77, 51, 51, 51, 51, 51, 51, 51, 51, 51, 51, 51, 51, 72, 51, 51, 51, 51, 51, 51, 51, 51, 51, 51, 51, 51, 51, 51, 51, 51, 51, 51, 51, 51, 51, 51], [88, 56, 51, 51, 51, 51, 76, 51, 51, 51, 51, 51, 51, 51, 51, 51, 51, 51, 51, 73, 51, 51, 51, 51, 51, 51, 51, 51, 51, 51, 51, 51, 51, 51, 51, 51, 51, 51, 51, 51, 51, 51], [88, 57, 51, 51, 51, 52, 75, 51, 51, 51, 51, 51, 51, 51, 51, 51, 51, 51, 51, 73, 51, 51, 51, 51, 51, 51, 51, 51, 51, 51, 51, 51, 51, 51, 51, 52, 51, 51, 51, 51, 51, 51], [90, 56, 51, 51, 51, 52, 75, 51, 51, 51, 51, 51, 51, 51, 51, 51, 51, 51, 51, 73, 51, 52, 51, 51, 51, 51, 51, 51, 51, 51, 51, 51, 51, 51, 51, 51, 51, 51, 51, 51, 51, 51], [89, 56, 51, 51, 51, 53, 74, 51, 51, 51, 51, 51, 51, 51, 51, 51, 51, 51, 51, 73, 51, 52, 51, 51, 51, 51, 51, 51, 51, 51, 51, 51, 51, 51, 51, 51, 51, 51, 51, 51, 51, 51], [89, 57, 51, 51, 51, 52, 75, 51, 51, 51, 51, 51, 51, 51, 51, 51, 51, 51, 51, 73, 51, 51, 51, 51, 51, 51, 51, 51, 51, 51, 51, 51, 51, 51, 51, 52, 51, 51, 51, 51, 51, 51], [90, 56, 51, 51, 51, 51, 76, 51, 51, 51, 51, 51, 51, 51, 51, 51, 51, 52, 51, 72, 51, 51, 51, 51, 51, 51, 51, 51, 51, 51, 51, 51, 51, 51, 51, 51, 51, 51, 51, 51, 51, 51], [89, 57, 51, 51, 51, 51, 76, 51, 51, 51, 51, 51, 51, 51, 51, 51, 51, 51, 51, 73, 51, 51, 51, 51, 51, 51, 51, 51, 51, 51, 51, 51, 51, 51, 51, 51, 51, 51, 51, 51, 51, 51]]"
3556          ,5     ,2       ,10     ,1.8607166110758853,455         ,25000,"[45, 46, 46, 46, 46, 46, 45, 45, 45, 45]",round_robin        ,mnist  ,"[[53, 51, 57, 51, 51, 51, 51, 51, 51, 61, 51, 51, 51, 51, 51, 51, 51, 51, 51, 51, 51, 51, 51, 51, 51, 51, 51, 51, 51, 51, 51, 51, 51, 51, 51, 51, 51, 51, 51, 51, 51, 51, 51, 51, 51], [54, 51, 57, 51, 51, 51, 51, 51, 51, 60, 51, 51, 51, 51, 51, 51, 51, 51, 51, 51, 51, 51, 51, 51, 51, 51, 51, 51, 51, 51, 51, 51, 51, 51, 51, 51, 51, 51, 51, 51, 51, 51, 51, 51, 51, 51], [54, 51, 56, 51, 51, 51, 51, 51, 51, 61, 51, 51, 51, 51, 51, 51, 51, 51, 51, 51, 51, 51, 51, 51, 51, 51, 51, 51, 51, 51, 51, 51, 51, 51, 51, 51, 51, 51, 51, 51, 51, 51, 51, 51, 51, 51], [54, 51, 56, 51, 51, 51, 51, 51, 51, 61, 51, 51, 51, 51, 51, 51, 51, 51, 51, 51, 51, 51, 51, 51, 51, 51, 51, 51, 51, 51, 51, 51, 51, 51, 51, 51, 51, 51, 51, 51, 51, 51, 51, 51, 51, 51], [54, 51, 56, 51, 51, 51, 51, 51, 51, 61, 51, 51, 51, 51, 51, 51, 51, 51, 51, 51, 51, 51, 51, 51, 51, 51, 51, 51, 51, 51, 51, 51, 51, 51, 51, 51, 51, 51, 51, 51, 51, 51, 51, 51, 51, 51], [54, 51, 56, 51, 51, 51, 51, 51, 51, 61, 51, 51, 51, 51, 51, 51, 51, 51, 51, 51, 51, 51, 51, 51, 51, 51, 51, 51, 51, 51, 51, 51, 51, 51, 51, 51, 51, 51, 51, 51, 51, 51, 51, 51, 51, 51], [53, 51, 56, 51, 51, 51, 51, 51, 51, 61, 51, 51, 51, 51, 51, 51, 51, 51, 51, 51, 51, 51, 51, 51, 51, 51, 51, 51, 51, 51, 51, 51, 51, 51, 51, 51, 51, 51, 51, 51, 51, 51, 51, 51, 51], [53, 51, 56, 51, 51, 51, 51, 51, 51, 61, 51, 51, 51, 51, 51, 51, 51, 51, 51, 51, 51, 51, 51, 51, 51, 51, 51, 51, 51, 51, 51, 51, 51, 51, 51, 51, 51, 51, 51, 51, 51, 51, 51, 51, 51], [53, 51, 57, 51, 51, 51, 51, 51, 51, 61, 51, 51, 51, 51, 51, 51, 51, 51, 51, 51, 51, 51, 51, 51, 51, 51, 51, 51, 51, 51, 51, 51, 51, 51, 51, 51, 51, 51, 51, 51, 51, 51, 51, 51, 51], [53, 51, 56, 51, 51, 51, 51, 51, 51, 61, 51, 51, 51, 51, 51, 51, 51, 51, 51, 51, 51, 51, 51, 51, 51, 51, 51, 51, 51, 51, 51, 51, 51, 51, 51, 51, 51, 51, 51, 51, 51, 51, 51, 51, 51]]"
8838          ,2     ,4       ,10     ,1.666295895256831 ,460         ,25000,"[46, 46, 46, 46, 46, 46, 46, 46, 46, 46]",round_robin        ,mnist  ,"[[54, 51, 51, 51, 51, 51, 51, 51, 51, 51, 51, 51, 51, 51, 51, 51, 51, 51, 51, 51, 51, 51, 51, 51, 51, 51, 51, 51, 51, 51, 51, 51, 51, 51, 51, 51, 51, 51, 51, 51, 51, 51, 51, 51, 51, 51], [55, 51, 51, 51, 51, 51, 51, 51, 51, 51, 51, 51, 51, 51, 51, 51, 51, 51, 51, 51, 51, 51, 51, 51, 51, 51, 51, 51, 51, 51, 51, 51, 51, 51, 51, 51, 51, 51, 51, 51, 51, 51, 51, 51, 51, 51], [55, 51, 51, 52, 51, 51, 51, 51, 51, 51, 51, 51, 51, 51, 51, 51, 51, 51, 51, 51, 51, 51, 51, 51, 51, 51, 51, 51, 51, 51, 51, 51, 51, 51, 51, 51, 51, 51, 51, 51, 51, 51, 51, 51, 51, 51], [55, 51, 51, 51, 51, 51, 51, 51, 51, 51, 51, 51, 51, 51, 51, 51, 51, 51, 51, 51, 51, 51, 51, 51, 51, 51, 51, 51, 51, 51, 51, 51, 51, 51, 51, 51, 51, 51, 51, 51, 51, 51, 51, 51, 51, 51], [55, 51, 51, 51, 51, 51, 51, 51, 51, 51, 51, 51, 51, 51, 51, 51, 51, 51, 51, 51, 51, 51, 51, 51, 51, 51, 51, 51, 51, 51, 51, 51, 51, 51, 51, 51, 51, 51, 51, 51, 51, 51, 51, 51, 51, 51], [55, 51, 51, 51, 51, 51, 51, 52, 51, 51, 51, 51, 51, 51, 51, 51, 51, 51, 51, 51, 51, 51, 51, 51, 51, 51, 51, 51, 51, 51, 51, 51, 51, 51, 51, 51, 51, 51, 51, 51, 51, 51, 51, 51, 51, 51], [55, 51, 51, 51, 51, 51, 51, 51, 51, 51, 51, 51, 51, 51, 51, 51, 51, 51, 51, 51, 51, 51, 51, 51, 51, 51, 51, 51, 51, 52, 51, 51, 51, 51, 51, 51, 51, 51, 51, 51, 51, 51, 51, 51, 51, 51], [54, 51, 51, 51, 51, 51, 51, 51, 51, 51, 51, 51, 51, 51, 51, 51, 51, 51, 51, 51, 51, 51, 51, 51, 51, 51, 51, 51, 51, 52, 51, 51, 51, 51, 51, 51, 51, 51, 51, 51, 51, 51, 51, 51, 51, 51], [54, 51, 51, 51, 51, 51, 51, 51, 51, 51, 51, 51, 51, 51, 51, 51, 51, 51, 51, 51, 51, 51, 51, 51, 51, 51, 51, 51, 51, 51, 51, 51, 51, 51, 51, 51, 51, 51, 51, 51, 51, 51, 51, 51, 51, 51], [55, 51, 51, 51, 51, 51, 51, 51, 51, 51, 51, 51, 51, 51, 51, 51, 51, 51, 51, 51, 51, 51, 51, 51, 51, 51, 51, 51, 51, 52, 51, 51, 51, 51, 51, 51, 51, 51, 51, 51, 51, 51, 51, 51, 51, 51]]"
5393          ,4     ,3       ,10     ,3.046881860969227 ,315         ,25000,"[32, 32, 32, 32, 32, 31, 31, 31, 31, 31]",round_robin        ,mnist  ,"[[51, 175, 51, 130, 61, 51, 51, 51, 52, 51, 57, 54, 51, 60, 57, 61, 58, 62, 60, 66, 51, 72, 53, 81, 52, 79, 70, 66, 71, 71, 68, 76], [51, 175, 51, 129, 61, 51, 51, 51, 51, 51, 59, 54, 51, 60, 57, 61, 58, 62, 60, 66, 51, 72, 54, 80, 51, 79, 71, 65, 72, 71, 68, 76], [51, 175, 51, 130, 60, 51, 51, 51, 51, 51, 58, 55, 51, 60, 57, 60, 58, 63, 60, 66, 51, 71, 55, 80, 51, 78, 72, 66, 71, 71, 68, 76], [51, 175, 51, 128, 62, 52, 51, 51, 51, 51, 57, 55, 51, 59, 57, 62, 58, 62, 60, 66, 51, 72, 54, 80, 51, 79, 71, 65, 72, 71, 68, 75], [51, 175, 52, 129, 61, 52, 51, 52, 51, 52, 55, 55, 51, 59, 57, 61, 58, 63, 60, 66, 51, 71, 54, 81, 52, 77, 72, 66, 71, 71, 68, 76], [51, 175, 139, 54, 98, 51, 52, 51, 52, 57, 54, 52, 59, 57, 61, 58, 63, 60, 66, 51, 71, 54, 81, 52, 77, 72, 65, 72, 71, 68, 75], [51, 175, 139, 55, 98, 51, 51, 51, 51, 59, 55, 52, 58, 57, 61, 58, 63, 60, 66, 51, 71, 55, 79, 52, 79, 71, 65, 72, 71, 68, 75], [51, 176, 138, 97, 56, 51, 51, 51, 51, 59, 54, 52, 59, 57, 61, 58, 63, 59, 67, 52, 70, 54, 80, 52, 79, 71, 65, 72, 71, 68, 75], [52, 175, 139, 53, 98, 52, 51, 51, 51, 59, 54, 51, 60, 57, 61, 58, 63, 59, 67, 52, 70, 54, 80, 53, 77, 71, 66, 71, 72, 68, 75], [52, 175, 138, 54, 99, 51, 51, 52, 51, 58, 54, 51, 60, 57, 61, 58, 62, 60, 66, 51, 72, 54, 80, 52, 78, 71, 65, 73, 71, 67, 76]]"
8792          ,6     ,1       ,10     ,2.2009493948868823,352         ,25000,"[35, 35, 35, 36, 35, 35, 35, 35, 36, 35]",round_robin        ,mnist  ,"[[175, 86, 79, 135, 51, 51, 97, 51, 51, 51, 52, 52, 51, 56, 51, 74, 52, 51, 57, 51, 77, 78, 62, 51, 69, 53, 84, 51, 93, 67, 55, 64, 51, 51, 51], [174, 99, 66, 134, 51, 51, 51, 88, 51, 51, 62, 51, 51, 57, 51, 74, 51, 51, 58, 52, 76, 77, 62, 51, 69, 54, 84, 51, 93, 67, 53, 65, 51, 51, 51], [173, 87, 79, 134, 51, 51, 98, 51, 51, 51, 52, 51, 51, 57, 51, 74, 52, 51, 56, 52, 77, 78, 62, 51, 68, 53, 85, 51, 93, 67, 54, 63, 51, 51, 51], [175, 86, 78, 51, 86, 51, 82, 65, 51, 51, 51, 52, 51, 52, 56, 51, 74, 51, 51, 57, 51, 78, 77, 63, 51, 69, 53, 84, 51, 93, 67, 53, 64, 51, 51, 52], [175, 86, 79, 134, 51, 51, 98, 51, 52, 51, 52, 51, 52, 55, 51, 73, 51, 51, 59, 51, 77, 77, 63, 51, 69, 52, 85, 51, 93, 67, 53, 65, 51, 51, 51], [176, 85, 78, 135, 51, 51, 98, 51, 51, 51, 52, 51, 51, 56, 51, 75, 51, 51, 57, 51, 78, 77, 63, 52, 67, 54, 84, 52, 91, 68, 54, 64, 51, 51, 51], [173, 86, 79, 135, 51, 51, 97, 51, 51, 51, 53, 51, 51, 56, 51, 74, 52, 51, 58, 51, 77, 77, 62, 52, 67, 55, 84, 52, 92, 67, 53, 65, 51, 51, 51], [174, 86, 78, 135, 51, 51, 97, 51, 51, 51, 53, 51, 51, 57, 52, 72, 51, 51, 58, 51, 78, 77, 62, 51, 68, 55, 84, 51, 92, 68, 53, 65, 51, 51, 51], [173, 87, 79, 94, 76, 51, 52, 60, 52, 51, 51, 52, 52, 51, 55, 52, 73, 52, 52, 56, 51, 78, 77, 63, 51, 68, 53, 85, 51, 92, 68, 53, 65, 51, 51, 51], [173, 87, 78, 134, 52, 51, 97, 51, 51, 52, 51, 52, 51, 56, 52, 73, 52, 51, 57, 51, 78, 77, 62, 51, 68, 55, 84, 51, 92, 67, 55, 63, 51, 51, 51]]"
7513          ,7     ,4       ,10     ,1.2902662069772635,460         ,25000,"[46, 46, 46, 46, 46, 46, 46, 46, 46, 46]",round_robin        ,mnist  ,"[[58, 59, 51, 51, 51, 51, 51, 51, 51, 51, 51, 51, 51, 51, 51, 51, 51, 51, 51, 51, 51, 51, 51, 51, 51, 51, 51, 51, 51, 51, 51, 51, 51, 51, 51, 51, 51, 51, 52, 51, 51, 51, 51, 51, 51, 51], [60, 58, 51, 51, 51, 51, 51, 51, 51, 51, 51, 51, 51, 51, 51, 51, 51, 51, 51, 51, 51, 51, 51, 51, 51, 51, 51, 51, 51, 51, 51, 51, 51, 51, 51, 51, 51, 51, 52, 51, 51, 51, 51, 51, 51, 51], [59, 59, 51, 51, 51, 51, 51, 51, 51, 51, 51, 51, 51, 51, 51, 51, 51, 51, 51, 51, 51, 51, 51, 51, 51, 51, 51, 51, 51, 51, 51, 51, 51, 51, 51, 51, 51, 51, 51, 51, 51, 51, 51, 51, 51, 51], [59, 59, 51, 51, 51, 51, 51, 51, 51, 51, 51, 51, 51, 51, 51, 51, 51, 51, 51, 51, 51, 51, 51, 51, 51, 51, 51, 51, 51, 51, 51, 51, 51, 51, 51, 51, 51, 51, 51, 51, 51, 51, 51, 51, 51, 51], [58, 59, 51, 51, 51, 51, 51, 51, 51, 51, 51, 51, 51, 51, 51, 51, 51, 51, 51, 51, 51, 51, 51, 51, 51, 51, 51, 51, 51, 51, 51, 51, 51, 51, 52, 51, 51, 51, 51, 51, 51, 51, 51, 51, 51, 51], [59, 59, 51, 51, 51, 51, 51, 51, 51, 51, 51, 51, 51, 51, 51, 51, 51, 51, 51, 51, 51, 51, 51, 51, 51, 51, 51, 51, 51, 51, 51, 51, 51, 51, 52, 51, 51, 51, 51, 51, 51, 51, 51, 51, 51, 51], [60, 57, 51, 51, 51, 51, 51, 51, 51, 51, 51, 51, 51, 51, 51, 51, 51, 51, 51, 51, 51, 51, 51, 51, 51, 51, 51, 51, 51, 51, 51, 51, 51, 51, 51, 51, 51, 51, 51, 51, 51, 51, 51, 51, 51, 51], [59, 57, 51, 51, 51, 51, 51, 51, 51, 51, 51, 51, 51, 51, 51, 51, 51, 51, 51, 51, 51, 51, 51, 51, 51, 51, 51, 51, 51, 51, 51, 51, 51, 51, 51, 51, 51, 51, 51, 51, 51, 51, 51, 51, 51, 51], [58, 58, 51, 51, 51, 51, 51, 51, 51, 51, 51, 51, 51, 51, 51, 51, 51, 51, 51, 51, 51, 51, 51, 51, 51, 51, 51, 51, 51, 51, 51, 51, 51, 51, 51, 51, 51, 51, 51, 51, 51, 51, 51, 51, 51, 51], [59, 59, 51, 51, 51, 51, 51, 51, 51, 51, 51, 51, 51, 51, 51, 51, 51, 51, 51, 51, 51, 51, 51, 51, 51, 51, 51, 51, 51, 51, 51, 51, 51, 51, 51, 51, 51, 51, 51, 51, 51, 51, 51, 51, 51, 51]]"
7041          ,7     ,3       ,10     ,1.5439261866319725,450         ,25000,"[45, 45, 45, 45, 45, 45, 45, 45, 45, 45]",round_robin        ,mnist  ,"[[54, 51, 51, 51, 51, 51, 51, 51, 51, 51, 51, 51, 51, 51, 51, 51, 51, 51, 51, 51, 51, 51, 51, 51, 51, 51, 51, 51, 51, 51, 51, 51, 51, 51, 51, 51, 51, 51, 51, 51, 51, 51, 51, 51, 51], [54, 51, 51, 51, 51, 51, 51, 51, 51, 51, 51, 51, 51, 51, 51, 51, 51, 51, 51, 51, 51, 51, 51, 51, 51, 51, 51, 51, 51, 51, 51, 51, 51, 51, 51, 51, 51, 51, 51, 51, 51, 51, 51, 51, 51], [54, 51, 51, 51, 51, 51, 51, 51, 51, 51, 51, 51, 51, 51, 51, 51, 51, 51, 51, 51, 51, 51, 51, 51, 51, 51, 51, 51, 51, 51, 51, 51, 51, 51, 51, 51, 51, 51, 51, 51, 51, 51, 51, 51, 51], [53, 51, 51, 51, 51, 51, 51, 51, 51, 51, 51, 51, 51, 51, 51, 51, 51, 51, 51, 51, 51, 51, 51, 51, 51, 51, 51, 51, 51, 51, 51, 51, 51, 51, 51, 51, 51, 51, 51, 51, 51, 51, 51, 51, 51], [53, 51, 51, 51, 51, 51, 51, 51, 51, 51, 51, 51, 51, 51, 51, 51, 51, 51, 51, 51, 51, 51, 51, 51, 51, 51, 51, 51, 51, 51, 51, 51, 51, 51, 51, 51, 51, 51, 51, 51, 51, 51, 51, 51, 51], [53, 51, 51, 51, 51, 51, 51, 51, 51, 51, 51, 51, 51, 51, 51, 51, 51, 51, 51, 51, 51, 51, 51, 51, 51, 51, 51, 51, 51, 51, 51, 51, 51, 51, 51, 51, 51, 51, 51, 51, 51, 51, 51, 51, 51], [52, 51, 51, 51, 51, 51, 51, 51, 51, 51, 51, 51, 51, 51, 51, 51, 51, 51, 51, 51, 51, 51, 51, 51, 51, 51, 51, 51, 51, 51, 51, 51, 51, 51, 51, 51, 51, 51, 51, 51, 51, 51, 51, 51, 51], [53, 51, 51, 51, 51, 51, 51, 51, 51, 51, 51, 51, 51, 51, 51, 51, 51, 51, 51, 51, 51, 51, 51, 51, 51, 51, 51, 51, 51, 51, 51, 51, 51, 51, 51, 51, 51, 51, 51, 51, 51, 51, 51, 51, 51], [55, 51, 51, 51, 51, 51, 51, 51, 51, 51, 51, 51, 51, 51, 51, 51, 51, 51, 51, 51, 51, 51, 51, 51, 51, 51, 51, 51, 51, 51, 51, 51, 51, 51, 51, 51, 51, 51, 51, 51, 51, 51, 51, 51, 51], [53, 51, 51, 51, 51, 51, 51, 51, 51, 51, 51, 51, 51, 51, 51, 51, 51, 51, 51, 51, 51, 51, 52, 51, 51, 51, 51, 51, 51, 51, 51, 51, 51, 51, 51, 51, 51, 51, 51, 51, 51, 51, 51, 51, 51]]"
