detections,calls,ci
0.05,74,0.09551858457912782
0.1,76,0.13148079707698765
0.15,109,0.15649345034217885
0.2,143,0.17530772943598352
0.25,146,0.1897761839641634
0.3,149,0.20084023501280807
0.35,154,0.20904114427547507
0.45,155,0.2583559559986957
0.5,183,0.2592836284843299
0.55,190,0.2583559559986957
0.6,202,0.2555527342839439
0.65,206,0.2508110842845666
0.7,213,0.2440180321205791
0.75,231,0.23499574464232326
0.8,232,0.2629615941539753
0.85,234,0.2508110842845666
0.9,242,0.27369910485787124
0.95,243,0.2583559559986957
1.0,245,0.24004999479275144
1.05,257,0.2931821959123712
1.1,285,0.2736991048578712
1.15,289,0.2865557537373835
1.2,290,0.2972487174068208
1.25,300,0.30600490192152147
1.3,327,0.28062929284021654
1.35,330,0.28655575373738357
1.4,338,0.3220608638130377
1.45,343,0.32428968531237623
1.5,374,0.3795523679283268
1.55,387,0.3789192526119517
1.6,389,0.37701352760875834
1.65,395,0.3986805738934366
1.7,399,0.39444239123096286
1.75,411,0.3633937258676875
1.85,426,0.3738157300061088
1.9,429,0.36405384217173153
1.95,436,0.3789192526119516
2.0,440,0.36668242390384626
2.05,450,0.37891925261195153
2.1,459,0.41346245295068806
2.15,469,0.46537103476688363
2.2,496,0.472030507488658
2.25,497,0.49729568668951873
2.3,510,0.48209625594895467
2.35,517,0.5049615826971394
2.4,535,0.5259231883079506
2.45,541,0.5272910012507325
2.5,547,0.5277461510991814
2.55,560,0.5625404874317937
2.6,570,0.6104385308939795
2.65,576,0.6084687337899951
2.7,609,0.6366229653413392
2.75,647,0.6482090712108246
2.8,679,0.6873985743366071
2.85,681,0.6967655272758548
2.9,685,0.7450578501029299
2.95,686,0.77754215319814
3.0,756,0.796155763654324
3.05,773,0.8370255671124985
3.1,781,0.8532193152994133
3.15,783,0.8903988993703887
3.2,814,0.9358871726869643
3.25,876,0.9787742334164706
3.3,912,1.0287666402056395
3.35,971,1.075993587341486
3.4,1037,1.129341046805614
3.45,1050,1.1128503043985747
3.5,1112,1.104403911619295
3.55,1555,1.0866516461129574
3.6,1666,1.0771087224602724
3.65,1673,1.0848825742908768
3.7,1743,1.0744304537753944
3.75,1744,1.0634241862963245
3.8,1763,1.0609376984535897
3.85,1804,1.0579915878682589
3.9,1818,1.0726412261329505
3.95,1833,1.0598055482021218
4.0,1848,1.0735362127101253
4.05,1861,1.0688291725060652
4.1,1864,1.0636499424152666
4.15,1870,1.0670305525147814
4.2,1873,1.0699517746141645
4.25,1887,1.072417362783725
4.3,1905,1.0921615265151943
4.35,1909,1.1111229454925318
4.4,1926,1.1208047109108705
4.45,1938,1.1299786723651026
4.5,1944,1.130191134277738
4.6,1963,1.1628599227765999
4.65,1972,1.1863668066833293
4.7,1983,1.193026739013003
4.75,1990,1.207231129485982
4.8,1997,1.188994869627283
4.85,2001,1.2024484188521352
4.9,2017,1.1914156285696438
4.95,2018,1.204044766609614
5.0,2022,1.2318408988177003
5.05,2046,1.2509883292820918
5.1,2050,1.246566163506775
5.15,2052,1.2647316711460972
5.2,2070,1.2822654951296164
5.25,2074,1.3065645793453913
5.3,2081,1.3372601841077898
5.35,2097,1.3598713909778377
5.4,2103,1.3817652477899418
5.45,2113,1.3542096588047212
5.5,2122,1.3329441098560733
5.55,2124,1.3542096588047212
5.6,2125,1.339413005760359
5.65,2127,1.324088441154895
5.7,2135,1.3586349031288723
5.75,2141,1.3850628144600519
5.8,2148,1.410655450491012
5.85,2166,1.4016055793267945
5.9,2167,1.4262283127185493
5.95,2172,1.4233635515917922
6.0,2177,1.446952659902873
6.05,2186,1.4828471937458692
6.1,2188,1.4595092325847068
6.15,2199,1.4880195563231016
6.2,2202,1.5156770104478063
6.25,2204,1.5047069482128403
6.3,2218,1.5314361886804162
6.35,2228,1.5262536486442875
6.4,2241,1.564320683236017
6.45,2253,1.5951739090143116
6.5,2258,1.5892929245422316
6.55,2269,1.619077453366577
6.6,2282,1.6186325092497058
6.65,2295,1.6589232049736362
6.75,2305,1.7135994281044797
6.8,2320,1.7453907298940257
6.85,2333,1.749100969069539
6.9,2349,1.7904790420443355
6.95,2357,1.8254062013699854
7.0,2372,1.8594192641790066
7.05,2384,1.8670221744799926
7.1,2400,1.9098688960240178
7.15,2408,1.9466017055371134
7.2,2414,1.9678243824081454
7.25,2423,2.00301547672503
7.3,2436,2.0136555812750103
7.35,2439,2.0097169452437824
7.4,2466,1.991113055554606
7.45,2474,2.0296885968049385
7.5,2486,2.029806887366382
7.55,2488,2.0438345823476025
7.6,2495,2.0668476479895657
7.65,2503,2.066266730119807
7.7,2525,2.106886043429972
7.75,2539,2.1240242465659374
7.8,2547,2.149754590645174
7.85,2550,2.121309548368649
7.95,2576,2.175842779246699
8.0,2586,2.160449953134763
8.05,2598,2.1890444947510774
8.1,2615,2.190908304790504
8.15,2627,2.235925356535857
8.2,2649,2.2671702185764526
8.25,2667,2.272564850559825
8.3,2668,2.2861532757013467
8.35,2706,2.2784736557616814
8.4,2711,2.312467772748412
8.45,2718,2.321069537950123
8.5,2755,2.3376646466078057
8.55,2762,2.3742509976832693
8.6,2772,2.386053478026006
8.65,2813,2.4254752523990013
8.7,2824,2.4445058396330324
8.8,2864,2.481548871168972
8.85,2866,2.4686470383592707
8.9,2880,2.4904343396283304
8.95,2915,2.5346786384076383
9.0,2947,2.513848046322609
9.05,2966,2.5610645833324854
9.1,2982,2.551390052500793
9.15,2983,2.5490363277128867
9.2,3017,2.5987560100940605
9.25,3023,2.5886658726069687
9.3,3052,2.5820721910899387
9.35,3082,2.5827230203798472
9.4,3104,2.5794672318135774
9.45,3110,2.5722899914278714
9.5,3140,2.576114127906603
9.55,3159,2.576020923828065
9.6,3166,2.601710821747874
9.65,3176,2.6233082548568323
9.7,3185,2.6590345616407465
9.75,3200,2.654606373833981
9.8,3224,2.6354530540307484
9.85,3239,2.6740714650136033
9.9,3249,2.6799013414676294
9.95,3250,2.7069118567105206
10.0,3265,2.7052260534010832
10.05,3268,2.7281165297692107
10.1,3291,2.7680446528190252
10.15,3310,2.7484588772619465
10.2,3317,2.7495942973464285
10.25,3319,2.7748886464144826
10.3,3333,2.803211158653589
10.35,3343,2.8446177599108107
10.4,3351,2.8517831614623153
10.45,3356,2.8351486380787874
10.5,3371,2.862204045836006
10.55,3385,2.8452929198941885
10.65,3394,2.917948971452379
10.7,3417,2.927232276400354
10.75,3423,2.9558821018437116
10.8,3450,3.0001447965056616
10.85,3461,2.9959002319837023
10.9,3467,2.972164060074746
11.0,3469,2.969254451878451
11.05,3471,2.944814391434543
11.1,3481,2.9753936210189065
11.15,3501,3.02143710839726
11.2,3510,3.0509337587040464
11.25,3511,3.036023550633295
11.3,3523,3.014515682493624
11.35,3526,3.027787674193816
11.4,3532,3.0597351519371734
11.45,3550,3.0473903261643396
11.5,3553,3.094380067154001
11.55,3555,3.0911971467378137
11.6,3561,3.1218807152099832
11.65,3581,3.136842074443659
11.7,3583,3.169811477044021
11.75,3603,3.1569844788975443
11.8,3607,3.2044651347767847
11.85,3608,3.203490939584502
11.9,3621,3.172234417567529
11.95,3622,3.2040904793716427
12.0,3634,3.2384514818042276
12.05,3638,3.254647722872631
12.15,3659,3.2922020290377083
12.2,3673,3.3250751570453256
12.25,3685,3.360342690857586
12.3,3689,3.3780871510368113
12.35,3711,3.426568283282853
12.4,3714,3.4269186158997127
12.45,3724,3.4605935618041017
12.5,3725,3.4523273309464733
12.55,3736,3.4882356285090603
12.6,3740,3.507250090883169
12.7,3766,3.5282722117206315
12.75,3775,3.562876225747956
12.8,3795,3.564829981920596
12.85,3796,3.5639542926361996
12.9,3799,3.5575484817497567
12.95,3817,3.607345256556406
13.0,3835,3.643175537906456
13.05,3843,3.623284118034356
13.1,3847,3.624410462406265
13.15,3857,3.628052122007069
13.2,3858,3.6236154321340455
13.25,3863,3.5977480456530024
13.3,3875,3.6487072779273486
13.35,3887,3.6858293774942967
13.4,3899,3.6887595747080075
13.45,3928,3.7406614121034796
13.5,3938,3.779040618993132
13.55,3948,3.7840565270619297
13.6,3971,3.788939059948048
13.65,3979,3.8414874983526888
13.7,3989,3.8808494946338747
13.75,3995,3.862928293406441
13.8,4016,3.869697249139782
13.85,4022,3.876330507064638
13.9,4037,3.929543383142626
13.95,4040,3.9698468232414212
14.0,4041,3.9735344468118052
14.05,4070,3.981924635148185
14.1,4073,3.990176838186498
14.2,4091,4.084613665941982
14.25,4104,4.075845801793783
14.3,4118,4.097525204315404
14.4,4125,4.116933227537216
14.45,4126,4.103088080945862
14.5,4135,4.107825215366398
14.55,4153,4.149637550437387
14.6,4177,4.161020451764205
14.65,4199,4.183750733492615
14.7,4206,4.194812129285411
14.75,4209,4.237579379787475
14.8,4228,4.250534648723616
14.85,4251,4.256574467808592
14.9,4272,4.2692471467461335
14.95,4308,4.292970510031487
15.0,4328,4.285189377378787
15.05,4329,4.299676708777067
15.1,4359,4.325120946285779
15.15,4410,4.317064071796943
15.2,4424,4.344396482827045
15.25,4475,4.373644590041582
15.3,4477,4.367546771358035
15.35,4479,4.3920512519778265
15.4,4526,4.4228302250934295
15.45,4539,4.4164741366841485
15.5,4557,4.427387943245995
15.55,4577,4.459753782441357
15.6,4582,4.4853605429218275
15.65,4584,4.480808208348132
15.7,4628,4.5145995171222
15.75,4637,4.541694727742057
15.8,4638,4.553784887321753
15.85,4660,4.550989584694738
15.9,4679,4.58593929310016
15.95,4697,4.599688228565062
16.0,4710,4.594517602534569
16.05,4730,4.630901834416273
16.1,4738,4.623481718359011
16.2,4754,4.666282117489255
16.25,4756,4.664789705870994
16.35,4781,4.686152601015037
16.4,4796,4.657629783484299
16.45,4812,4.6329752643414785
16.5,4818,4.661957957768388
16.55,4823,4.678358237672699
16.6,4832,4.717048568755679
16.65,4848,4.710681712873414
16.7,4850,4.69603074947343
16.75,4862,4.738327869618141
16.8,4869,4.768080200667768
16.85,4874,4.785521727042935
16.9,4901,4.780752995083514
16.95,4915,4.8239000611538385
17.0,4920,4.854710701988327
17.05,4927,4.873418902577532
17.1,4960,4.854512869485465
17.15,4971,4.886801223704521
17.2,4972,4.930481193555046
17.3,4979,4.947010491195667
17.35,5022,4.980241982072759
17.4,5028,5.024638812889937
17.45,5031,5.045762955193197
17.5,5032,5.043906819123446
17.55,5043,5.020958055988917
17.6,5074,5.055128405886441
17.65,5079,5.10028569788007
17.7,5082,5.122504153243802
17.75,5125,5.157584609097556
17.8,5176,5.1941849023691855
17.85,5227,5.232273138894795
17.9,5282,5.240755594377588
17.95,5323,5.2308045079127155
18.0,5334,5.261057688336062
18.05,5350,5.261924723900941
18.1,5365,5.271817068146428
18.15,5401,5.274321397108825
18.2,5438,5.285826028162486
18.25,5439,5.317120931481623
18.3,5457,5.321138299273944
18.35,5463,5.297940184637799
18.4,5503,5.303602096688627
18.45,5504,5.316398386125704
18.5,5518,5.348861187206114
18.55,5535,5.354200201710802
18.6,5554,5.361235976899358
18.65,5555,5.352047290523506
18.7,5564,5.366070517613424
18.75,5590,5.349534465726902
18.8,5596,5.383046423726995
18.85,5622,5.391380732242899
18.9,5623,5.422686345345818
18.95,5659,5.400635869969386
19.0,5663,5.385543612301361
19.05,5668,5.4272449548550865
19.1,5677,5.436836506646121
19.15,5724,5.423350458895313
19.2,5735,5.434539612515488
19.25,5741,5.47727076197626
19.3,5750,5.509134305859678
19.35,5767,5.488481228901124
19.4,5775,5.5218456334816155
19.45,5784,5.509787999551344
19.5,5785,5.490624372509924
19.55,5790,5.502811263345309
19.6,5803,5.535742335044145
19.65,5841,5.549387912193559
19.7,5846,5.53869089225965
19.75,5847,5.5191926039956245
19.8,5856,5.553410195546516
19.85,5866,5.587332297259579
19.9,5885,5.578085621429632
19.95,5903,5.5687373613773525
20.0,5912,5.550642485334468
20.05,5913,5.59283003496441
20.1,5932,5.627794523612246
20.15,5941,5.621604948766855
20.2,5959,5.656221777830144
20.25,5968,5.639685008934452
20.3,5971,5.682479106868762
20.35,5983,5.718155139553316
20.4,5999,5.709961400920324
20.45,6023,5.753651692620956
20.5,6036,5.7902991287151995
20.55,6048,5.785279578378213
20.6,6053,5.816611659720802
20.65,6074,5.86081787807811
20.7,6076,5.87689584729898
20.75,6087,5.913997548190226
20.8,6088,5.898916239446022
20.85,6096,5.891870517925526
20.9,6127,5.936729672134313
20.95,6142,5.931186373736707
21.0,6149,5.948204434953459
21.05,6159,5.9859872869895066
21.1,6170,5.980248757367874
21.15,6174,5.966381332097371
21.2,6178,6.011802791176701
21.25,6201,6.029787973055106
21.3,6210,6.039694760499076
21.35,6213,6.078014988464571
21.4,6229,6.123863094485374
21.45,6231,6.119274123619565
21.5,6233,6.149060741283988
21.55,6237,6.144334284525866
21.6,6238,6.139525975187335
21.65,6240,6.115820321101659
21.7,6252,6.134361645680827
21.75,6264,6.173027701217612
21.8,6280,6.21910192873537
21.85,6303,6.238644900938023
21.9,6309,6.268783550259172
21.95,6315,6.307843672761714
22.0,6331,6.354149510359352
22.05,6334,6.350331944079772
22.1,6351,6.360041446405832
22.15,6354,6.380206438666384
22.2,6367,6.419710647684986
22.25,6370,6.4499710852065055
22.3,6384,6.496298700029116
22.35,6405,6.51722104888272
22.4,6409,6.495263751380692
22.45,6417,6.505716547775502
22.5,6418,6.545490355962645
22.55,6435,6.592239361552339
22.6,6456,6.613947323648714
22.65,6469,6.654301030160869
22.75,6480,6.645057637071329
22.8,6487,6.692187445073546
22.85,6502,6.6888499908429715
22.9,6507,6.711247216427064
22.95,6520,6.752015091807776
23.0,6535,6.7811468056664275
23.05,6543,6.7931391712521245
23.1,6560,6.773919928667594
23.15,6571,6.815440279248289
23.2,6597,6.8285679904354755
23.25,6609,6.827548242231614
23.3,6610,6.857339484085645
23.35,6661,6.888326516651196
23.4,6668,6.888500794802885
23.45,6714,6.92059735861002
23.5,6753,6.901176421451635
23.55,6771,6.934460887480728
23.6,6810,6.95924214264743
23.65,6822,6.993486269379528
23.7,6874,7.0288617001616975
23.75,6885,7.054468583812673
23.8,6926,7.090758831041994
23.85,6978,7.128144372836453
23.9,6980,7.111451553656257
23.95,7001,7.137838594420583
24.0,7029,7.17611649849694
24.05,7066,7.1821030207036145
24.1,7067,7.209363855431351
24.15,7075,7.191190318716367
24.2,7078,7.184944035968547
24.25,7080,7.223969476679701
24.3,7081,7.26668513147501
24.35,7100,7.253688316987434
24.4,7120,7.247230864268089
24.5,7121,7.281736331397891
24.55,7131,7.3211641014254
24.6,7132,7.305306783428057
24.65,7147,7.34839915900055
24.7,7148,7.333779434916217
24.75,7172,7.341338229505571
24.8,7176,7.3527434879778015
24.85,7179,7.381000623221758
24.9,7184,7.420742227028237
24.95,7199,7.464068850164766
25.0,7205,7.4583086554526545
25.05,7220,7.457632586820028
25.1,7223,7.46590216919563
25.15,7227,7.4779522731828125
25.2,7231,7.506569709261348
25.25,7235,7.546477257634849
25.3,7238,7.531476933510452
25.35,7242,7.517660420636196
25.4,7250,7.561130285876575
25.45,7264,7.55487205715623
25.5,7267,7.590414744926656
25.55,7274,7.599234948335261
25.6,7276,7.594083170468966
25.65,7277,7.57619866423789
25.7,7284,7.605077829976495
25.75,7287,7.645099279930902
25.8,7301,7.688598103685744
25.85,7319,7.67569007972573
25.9,7329,7.685224733213726
25.95,7339,7.725825509290253
26.0,7340,7.761204030303545
26.05,7342,7.790198700931831
26.1,7346,7.784556454930492
26.15,7373,7.8280778100374055
26.2,7376,7.822340110222771
26.25,7380,7.8324932811972445
26.3,7393,7.862141235058041
26.35,7402,7.873340980803512
26.4,7405,7.868612787524875
26.45,7414,7.863820687172362
26.5,7424,7.907695239448723
26.55,7432,7.918587992817911
26.6,7434,7.905144350358189
26.65,7444,7.935307568078253
26.7,7453,7.933885353343593
26.75,7455,7.945709219446681
26.8,7456,7.961075103275937
26.85,7469,7.9955929236048515
26.9,7481,7.991537974632918
26.95,7483,8.003036661168057
27.0,7484,8.046748908720838
27.05,7495,8.077096743261157
27.1,7508,8.072844802174757
27.15,7526,8.072101225827138
27.2,7532,8.052237254328762
27.25,7533,8.087078520702022
27.35,7534,8.11482015820437
27.4,7538,8.158639788592215
27.45,7547,8.189276634721773
27.5,7552,8.185786950562541
27.55,7561,8.172841598856545
27.6,7575,8.166875730657349
27.65,7577,8.17848018888595
27.7,7586,8.191182136907956
27.75,7589,8.23535348360955
27.8,7598,8.266461201747697
27.85,7606,8.263759568138465
27.9,7609,8.259836269563701
27.95,7616,8.294152868135479
28.0,7619,8.276214593641225
28.05,7625,8.29183669641413
28.1,7626,8.2911706772928
28.15,7632,8.278854159846036
28.2,7635,8.258324575844668
28.3,7637,8.28329021585022
28.35,7640,8.327434310758628
28.4,7649,8.358658935499163
28.45,7657,8.356446840613538
28.5,7667,8.3908833861519
28.55,7683,8.390854771714261
28.6,7688,8.404492798497717
28.65,7691,8.41691072781457
28.7,7692,8.461095484628451
28.8,7701,8.48093608040999
28.85,7708,8.47943548828576
28.9,7709,8.475612025098837
28.95,7712,8.490980379202393
29.0,7718,8.525436763005164
29.05,7736,8.519210515065348
29.1,7739,8.519689618759594
29.15,7743,8.563960894352563
29.2,7748,8.57665184089922
29.25,7752,8.608255514330414
29.3,7763,8.62411136291734
29.35,7769,8.658758929546426
29.4,7775,8.692108328823334
29.45,7780,8.688875865150795
29.5,7794,8.733004294055968
29.55,7799,8.746163719025617
29.6,7802,8.747179385379036
29.65,7804,8.778825559264746
29.7,7819,8.795029096029188
29.75,7820,8.829658600421649
29.8,7845,8.873844533233608
29.85,7848,8.868079510243467
29.9,7854,8.869839186817313
30.0,7856,8.882931047801732
30.05,7857,8.914741712467052
30.1,7870,8.931343863047712
30.15,7873,8.966089571267956
30.2,7896,9.010245989982735
30.25,7908,9.04245845995435
30.3,7919,9.044821324935059
30.35,7921,9.061980037497321
30.4,7932,9.097018588526682
30.45,7948,9.141330526788755
30.5,7950,9.1738678865569
30.55,7952,9.168605771871752
30.6,7959,9.200942299569105
30.65,7973,9.218539699974176
30.7,7975,9.221482353721663
30.75,7986,9.256591543327382
30.8,7999,9.300814415953047
30.85,8016,9.333464640743006
30.95,8026,9.355253700461576
31.0,8037,9.390629797835713
31.05,8047,9.38600084167906
31.1,8050,9.430329750332168
31.2,8079,9.481822862720016
31.25,8088,9.517485329644591
31.3,8101,9.562008199118008
31.35,8131,9.573225694613075
31.4,8133,9.592392986111442
31.45,8134,9.625451043977108
31.5,8142,9.661328894101473
31.55,8152,9.705934050878358
31.6,8153,9.686049514637016
31.65,8189,9.705736149308821
31.7,8193,9.742107000028277
31.75,8203,9.787129047887332
31.8,8218,9.772128365919064
31.85,8240,9.792426573633321
31.9,8244,9.8292583240039
31.95,8291,9.850316329945956
32.0,8295,9.88780663241348
32.05,8301,9.898945994397586
32.1,8345,9.884795152151609
32.15,8346,9.92297788972645
32.2,8359,9.931999033427259
32.25,8430,9.91290709126238
32.3,8450,9.899552353515787
32.35,8465,9.911356829415435
32.4,8519,9.894991622027781
32.45,8534,9.882438757715628
32.5,8540,9.895088680754709
32.55,8543,9.876606087113123
32.6,8592,9.890137471238708
32.65,8621,9.886131002571227
32.7,8645,9.900522450860864
32.75,8655,9.88282748002817
32.8,8671,9.914578195768085
32.85,8680,9.895840853611178
32.9,8694,9.879935991695492
32.95,8695,9.876606087113123
33.0,8723,9.848878108698472
33.05,8751,9.863956802419604
33.1,8754,9.896447402982545
33.15,8771,9.924913410201624
33.2,8774,9.922324566350367
33.25,8802,9.938064952494525
33.3,8812,9.946975862039677
33.35,8815,9.97991794555446
33.4,8832,10.008866229498722
33.45,8838,10.007018926733375
33.5,8850,9.991675535164259
33.55,8859,10.007978607091443
33.6,8864,10.002147129491748
33.65,8873,10.035578020223848
33.7,8893,10.065034167850598
33.75,8912,10.063865211736493
33.8,8914,10.08076608199992
33.85,8934,10.123238720883746
33.9,8935,10.102939730593269
33.95,8937,10.112037766938966
34.0,8941,10.145721857019343
34.05,8945,10.175472657326535
34.1,8965,10.174929935876708
34.15,8985,10.217669117758707
34.2,8989,10.23487903201596
34.25,8996,10.265119921364775
34.3,8997,10.298956102440673
34.35,9001,10.308440143882098
34.4,9018,10.308556601193011
34.45,9020,10.309558079762681
34.5,9033,10.29
34.55,9042,10.307694785935407
34.6,9046,10.350396089039299
34.65,9048,10.380855562043042
34.7,9050,10.41486902462052
34.75,9066,10.400819919602492
34.8,9072,10.401489354895288
34.85,9075,10.411341229639916
34.9,9093,10.429428709186329
34.95,9096,10.44743891104418
35.0,9097,10.490120685673734
35.1,9101,10.554832030875714
35.15,9103,10.536048319934753
35.25,9106,10.522001283025961
35.3,9109,10.514902224937709
35.35,9127,10.515975380343942
35.4,9134,10.526130685109317
35.45,9146,10.544431127377141
35.5,9148,10.58717544957105
35.55,9152,10.617950640307196
35.6,9153,10.652198796492673
35.65,9168,10.653889158424729
35.7,9169,10.647419255387664
35.75,9171,10.62916059714971
35.8,9191,10.63071911020134
35.85,9198,10.64938093036398
35.9,9199,10.692244628701683
35.95,9205,10.723255653018814
36.0,9207,10.757704216049072
36.05,9226,10.790218338847456
36.15,9236,10.793600057441445
36.2,9241,10.803672190510039
36.25,9242,10.80569437842844
36.3,9250,10.84847163429024
36.35,9256,10.867201396863866
36.4,9257,10.849622445043881
36.45,9258,10.880626259549585
36.5,9260,10.915018094350554
36.55,9283,10.900027697212515
36.6,9291,10.885854821739999
36.65,9298,10.872502664980129
36.7,9302,10.874997783907821
36.75,9304,10.917987314519099
36.8,9305,10.911585989213483
36.85,9308,10.930646925045195
36.9,9309,10.947876469891316
36.95,9314,10.979040203952254
37.0,9333,10.989117161992587
37.05,9344,11.020948588937344
37.15,9355,11.066864515299715
37.2,9360,11.086221574549192
37.25,9361,11.069120606443855
37.3,9363,11.086654716369585
37.35,9365,11.117947751271366
37.4,9386,11.12841674273569
37.45,9390,11.122438752360022
37.5,9406,11.125913715286488
37.55,9409,11.168969325770394
37.6,9411,11.15513815243899
37.7,9416,11.204704761840002
37.75,9420,11.23618186930062
37.8,9432,11.219694683902945
37.85,9438,11.230539176726998
37.9,9445,11.249870719257178
37.95,9460,11.292963995337983
38.0,9461,11.296811585575815
38.1,9467,11.346775013192074
38.15,9499,11.330999699938218
38.2,9506,11.317705986638812
38.3,9512,11.392557956841825
38.35,9513,11.396919680334682
38.4,9517,11.416390112465496
38.45,9518,11.448375771261178
38.5,9522,11.466837576245684
38.55,9553,11.446697855713673
38.6,9563,11.478473557054524
38.65,9564,11.483388097595586
38.7,9565,11.526649851539691
38.75,9569,11.558912016275578
38.8,9571,11.543717806668699
38.9,9583,11.550621074210683
39.0,9614,11.562338863742058
39.05,9615,11.567715928393122
39.1,9621,11.600402027516115
39.15,9635,11.620564624836437
39.2,9652,11.608429902445891
39.25,9665,11.64087793080917
39.3,9672,11.674017337660587
39.35,9716,11.707021918489776
39.4,9726,11.69563385199793
39.45,9767,11.72931454945258
39.5,9783,11.7595916595773
39.55,9818,11.793822611859142
39.6,9847,11.824665542838831
39.65,9850,11.844851801521198
39.7,9869,11.879524266568925
39.75,9919,11.910830659530005
39.8,9920,11.946035191644128
39.85,9942,11.966658773442148
39.9,9971,12.002419722705916
39.95,10002,12.02366548935889
40.0,10019,12.055195062710515
40.05,10025,12.053980081284354
40.1,10059,12.075811161160146
40.15,10078,12.116601264381028
40.2,10083,12.148522082953134
40.25,10110,12.170854324984749
40.3,10115,12.163928016886649
40.35,10119,12.163276622686832
40.4,10135,12.204364596323726
40.45,10150,12.236645120293387
40.5,10161,12.25940439009987
40.55,10186,12.300834922882267
40.6,10202,12.317161491187813
40.65,10206,12.307703693215887
40.7,10208,12.288043326746532
40.75,10211,12.320650266929906
40.8,10214,12.314198179337541
40.85,10237,12.35598908222243
40.9,10256,12.37899443412105
40.95,10267,12.411981461475035
41.0,10273,12.393029008277193
41.05,10288,12.435172849622958
41.1,10294,12.429321107767711
41.15,10329,12.462791428889433
41.2,10332,12.444533771901622
41.25,10335,12.474807212939204
41.35,10339,12.533487391783659
41.4,10371,12.556549972026549
41.5,10372,12.53136081995886
41.55,10385,12.522141502155291
41.6,10392,12.564960612751637
41.65,10395,12.59845173820974
41.7,10417,12.628774477359231
41.75,10433,12.6088149720741
41.8,10436,12.589548554257217
41.85,10444,12.632709376851823
41.9,10451,12.65597057518703
41.95,10458,12.651094015933957
42.0,10459,12.684849861153264
42.05,10469,12.715457514379889
42.1,10488,12.700663888159545
42.15,10495,12.743975918056341
42.2,10505,12.76756095736378
42.25,10517,12.801572364362121
42.3,10518,12.817485900128776
42.35,10537,12.81312054887489
42.4,10546,12.856613986582936
42.45,10554,12.844712367351791
42.5,10556,12.86863520347049
42.55,10569,12.88502494370888
42.6,10580,12.869306865561951
42.65,10596,12.865481654411543
42.7,10597,12.909319455339231
42.75,10603,12.915846042749193
42.8,10607,12.940156907858576
42.85,10611,12.970310181333367
42.9,10620,12.987052290647018
42.95,10646,12.972679437957293
43.0,10648,13.016672693127072
43.05,10659,13.023661689402099
43.1,10671,13.040924476431876
43.15,10679,13.024251617655425
43.2,10680,13.012687839182187
43.25,10697,12.997382775005127
43.3,10699,13.041808187517555
43.35,10700,13.044146051006942
43.4,10709,13.030241563378633
43.45,10710,13.037665274120208
43.5,10730,13.067850779680642
43.55,10767,13.054596883856659
43.6,10769,13.043501799746878
43.65,10781,13.074298229733019
43.7,10789,13.098388328340244
43.75,10790,13.101155941366395
43.8,10800,13.0862846064114
43.9,10821,13.081366564698047
43.95,10833,13.112586769970292
44.0,10846,13.10198061363243
44.05,10865,13.09939646701328
44.1,10872,13.087238639224088
44.15,10879,13.11170782926465
44.2,10882,13.12000048780487
44.3,10886,13.13719151112596
44.35,10897,13.127080795058738
44.4,10898,13.108136526600566
44.45,10924,13.096463484467856
44.5,10933,13.105278783757328
44.55,10935,13.130153228351904
44.6,10936,13.160053616912052
44.65,10937,13.192034043315683
44.7,10940,13.18171038977871
44.75,10948,13.179360492831204
44.8,10975,13.168224663940086
44.85,10977,13.154122783371
44.9,10985,13.163337236430582
45.0,10988,13.2209228119674
45.05,10999,13.25101701002606
45.1,11024,13.233919419431269
45.15,11026,13.223301637639517
45.2,11037,13.221358659381416
45.25,11045,13.246957650721164
45.3,11079,13.278258650892441
45.35,11089,13.259566591710303
45.4,11090,13.290043009712198
45.45,11093,13.28865184283191
45.5,11098,13.31466244408772
45.55,11118,13.29804390878598
45.6,11134,13.3405323432013
45.65,11141,13.371362914826593
45.75,11144,13.401925495987507
45.8,11149,13.428217335149142
45.85,11153,13.407227386749282
45.9,11156,13.401943411311656
45.95,11196,13.385863730069868
46.0,11200,13.412759894965689
46.1,11201,13.425570796059285
46.15,11202,13.467977806634519
46.2,11228,13.499548910982174
46.25,11248,13.494763688186614
46.3,11253,13.526201270127544
46.35,11261,13.56886001843928
46.4,11293,13.553368112760754
46.45,11304,13.585270987359802
46.5,11319,13.628343846557438
46.55,11355,13.660704366905831
46.6,11371,13.70417086875379
46.65,11399,13.699877743980052
46.7,11406,13.732664155217659
46.75,11422,13.7220123524212
46.8,11424,13.74839062581508
46.85,11425,13.79210303760815
46.9,11457,13.825226479157582
46.95,11476,13.869319947279317
47.0,11508,13.902881140252907
47.05,11521,13.929434008602069
47.1,11523,13.915240824362328
47.15,11536,13.959600359609151
47.2,11559,13.993494088325475
47.25,11573,14.007402293073472
47.3,11581,13.978730443069573
47.35,11585,14.005619522177518
47.4,11588,14.050206375708507
47.45,11604,14.040000705128186
47.5,11610,14.07417848401817
47.55,11623,14.060507096118542
47.65,11639,14.132588800357844
47.7,11654,14.112068055391454
47.75,11665,14.101021771488758
47.8,11666,14.115130208396947
47.85,11690,14.160423517677707
47.9,11692,14.187949788464854
47.95,11708,14.17005108671101
48.0,11709,14.156845411319571
48.05,11716,14.146988223646755
48.1,11741,14.192687384706252
48.15,11742,14.207144195791072
48.2,11748,14.236401680199952
48.25,11760,14.215659217918809
48.3,11766,14.244157567227342
48.35,11769,14.231459313787887
48.4,11792,14.259185222164696
48.45,11794,14.259235736882957
48.5,11802,14.26598626103362
48.55,11806,14.295560003021915
48.6,11809,14.284756462747273
48.65,11811,14.275256712227629
48.7,11825,14.289932428111758
48.75,11831,14.277678487765437
48.8,11851,14.257299211281214
48.85,11859,14.286017016649527
48.9,11880,14.315985442853734
48.95,11886,14.331122070514926
49.0,11904,14.358923079395616
49.05,11905,14.359240780765536
49.1,11925,14.348819853911328
49.15,11929,14.377822442915338
49.2,11937,14.408066518447226
49.25,11939,14.405583327307507
49.3,11945,14.421058796080121
49.35,11958,14.449118803581067
49.4,11962,14.455847093823314
49.45,11986,14.456561271616428
49.5,12009,14.485116085140634
49.55,12010,14.501003406661207
49.6,12028,14.495654355702607
49.65,12030,14.48562992071798
49.7,12042,14.529867473586949
49.75,12060,14.558773265629217
49.8,12061,14.57507450409774
49.85,12096,14.619599796164048
49.9,12112,14.636423852840554
49.95,12128,14.637457286017948
50.0,12144,14.635177074432683
50.1,12147,14.693399851634066
50.15,12150,14.738023822751812
50.2,12157,14.733021577395451
50.25,12168,14.702531448699576
50.3,12172,14.692876940885338
50.35,12182,14.69952632570179
50.4,12196,14.70091463821214
50.45,12201,14.745971782151221
50.5,12206,14.73360824781221
50.55,12216,14.76224521541354
50.6,12241,14.769351075792054
50.65,12252,14.814718701345631
50.7,12257,14.812660287740348
50.75,12268,14.800839131616824
50.8,12269,14.802607229809212
50.9,12279,14.822252973148172
50.95,12280,14.803823688493456
51.0,12297,14.811298660144555
51.05,12303,14.856926054874204
51.1,12317,14.852028521383872
51.15,12322,14.854210790210296
51.2,12333,14.88348684952555
51.25,12343,14.872044882933888
51.3,12351,14.901221453290331
51.35,12352,14.931595299900138
51.4,12359,14.922668233261769
51.45,12413,14.918210743919659
51.5,12421,14.947811211010123
51.55,12432,14.934939564658437
51.6,12437,14.964442762762665
51.65,12445,14.943168412354856
51.7,12446,14.934698416774273
51.75,12472,14.964747608964208
51.8,12484,14.995345037710868
51.85,12487,14.991293546588967
51.9,12506,15.021133619004923
51.95,12507,15.066189292584902
52.0,12527,15.09645388824806
52.05,12572,15.092938607176531
52.1,12575,15.123721208750181
52.15,12584,15.153775839704107
52.25,12585,15.171890818220383
52.3,12623,15.2169103565737
52.35,12632,15.196179065804667
52.4,12637,15.227194462539709
52.45,12651,15.224087880723756
52.5,12664,15.212112936735645
52.55,12679,15.257485893816188
52.6,12685,15.288251279986207
52.65,12691,15.31955045685088
52.7,12727,15.34950321020195
52.75,12732,15.346859450714987
52.8,12737,15.335418768328434
52.85,12742,15.305124703836949
52.9,12744,15.336859104784132
52.95,12774,15.367871804514769
53.0,12781,15.413128949048598
53.05,12808,15.410932346876356
53.1,12819,15.399975818162833
53.15,12825,15.431359570692402
53.2,12828,15.457057572513602
53.25,12842,15.436088850482818
53.3,12853,15.481580823675598
53.35,12856,15.51143739954489
53.4,12859,15.500366034387705
53.45,12865,15.506607230467921
53.5,12868,15.50476455803183
53.55,12877,15.536307534288834
53.6,12884,15.51894285059391
53.65,12887,15.489751779805896
53.7,12914,15.471031277843116
53.75,12920,15.516761227782037
53.85,12923,15.54112847254021
53.9,12924,15.572381937263158
53.95,12928,15.604157516508218
54.0,12933,15.59339834673635
54.05,12941,15.572736554632908
54.1,12977,15.561893946432097
54.15,12978,15.591719924370112
54.2,12981,15.574663681762123
54.25,12986,15.620397658190397
54.3,12990,15.610080358537557
54.35,12994,15.642147748950586
54.4,13004,15.673506155292761
54.45,13009,15.699266600704632
54.5,13041,15.745096125460776
54.65,13045,15.797329464184761
54.7,13052,15.778973882987449
54.75,13060,15.804987788669752
54.8,13067,15.836387618393282
54.85,13096,15.868905513613722
54.9,13100,15.914608609701967
54.95,13106,15.94449760262141
55.0,13110,15.940596977528793
55.05,13113,15.966768608582012
55.1,13145,15.948969346011046
55.15,13147,15.981678829209399
55.2,13153,15.981874132904437
55.25,13160,16.012057425577762
55.3,13173,16.03856155644888
55.35,13193,16.069773931203883
55.4,13198,16.1026853412715
55.45,13201,16.09915115153591
55.5,13211,16.129561556347397
55.55,13225,16.15631875768734
55.6,13252,16.156868607499412
55.65,13258,16.155010931596426
55.7,13265,16.15193415043536
55.75,13269,16.18328393744607
55.8,13287,16.188460976881032
55.85,13307,16.20072202711965
55.9,13339,16.201685319743746
55.95,13351,16.228678683121434
56.0,13358,16.241412007581115
56.05,13366,16.273002544091238
56.1,13391,16.274433667565823
56.15,13402,16.301777884635772
56.2,13405,16.30727067292378
56.25,13409,16.305665733112523
56.3,13410,16.318750957104534
56.4,13426,16.327752913368084
56.45,13441,16.359528960211538
56.5,13442,16.361304715700392
56.55,13462,16.388855597630965
56.6,13468,16.378846455107883
56.65,13474,16.384635796989812
56.7,13483,16.371632563675497
56.75,13494,16.37384692123387
56.8,13506,16.404157911944154
56.85,13510,16.43613683929408
56.9,13513,16.463941666563326
56.95,13517,16.50738658298157
57.0,13543,16.505946564799004
57.05,13544,16.51204032819688
57.1,13546,16.514613867723337
57.15,13566,16.542722212501786
57.2,13571,16.530133840958456
57.25,13572,16.56047774069335
57.35,13598,16.56998594447201
57.4,13601,16.61347149755282
57.45,13617,16.595584587473862
57.5,13620,16.623931544613626
57.55,13626,16.654508212493095
57.6,13629,16.642350651275198
57.65,13642,16.613399236760664
57.7,13649,16.616766255803203
57.75,13653,16.623570464855018
57.8,13677,16.654580294921875
57.85,13685,16.698161880877787
57.9,13700,16.701971835684553
58.0,13705,16.740511342249974
58.05,13728,16.719543887319418
58.1,13729,16.75077739091532
58.15,13739,16.740669108491453
58.2,13742,16.72306182491711
58.25,13746,16.76680908819564
58.3,13756,16.774382635435497
58.35,13763,16.7567248052834
58.4,13782,16.7882895853032
58.45,13785,16.819766579831004
58.5,13791,16.847736346465066
58.55,13807,16.855700869438802
58.7,13809,16.83096862334429
58.75,13834,16.813712945093357
58.8,13836,16.84551301682439
58.85,13843,16.889170559858762
58.9,13859,16.920772062763564
58.95,13881,16.919395609772828
59.0,13887,16.951450675384685
59.05,13888,16.939818056874163
59.1,13894,16.983657297531646
59.15,13895,16.97934492847118
59.2,13908,17.00722166610408
59.25,13915,17.03897059684064
59.3,13934,17.02217967241563
59.35,13938,17.054407588655785
59.4,13944,17.043775027851076
59.45,13950,17.026340176326798
59.5,13959,17.025226107162275
59.55,13967,17.057335659475076
59.6,13968,17.08542241795619
59.65,13970,17.129141315314083
59.7,13989,17.16153212274475
59.75,13995,17.15748836514249
59.85,14018,17.189029588664972
59.9,14024,17.232903620690273
59.95,14040,17.265516957218512
60.0,14042,17.293598815746826
60.05,14051,17.28330789519182
60.1,14066,17.279653908571202
60.15,14075,17.32371421491361
60.2,14077,17.313357987403826
60.25,14086,17.312955813494124
60.3,14091,17.3457785296596
60.35,14095,17.374089967534992
60.4,14117,17.370842098182806
60.45,14120,17.399057554936704
60.5,14126,17.44317413775371
60.55,14142,17.44316037305167
60.6,14153,17.4717262799072
60.65,14167,17.461760340813296
60.7,14186,17.44460560746502
60.75,14206,17.47363634164337
60.8,14219,17.46358900111887
60.85,14221,17.49637614479067
60.9,14225,17.52469090169638
60.95,14235,17.568792667682086
61.0,14236,17.600210680557208
61.05,14260,17.61028914583744
61.1,14278,17.63885662961179
61.15,14284,17.671699018487157
61.2,14292,17.715841408186062
61.25,14295,17.706229835851563
61.3,14296,17.735076002092576
61.35,14312,17.7665513310828
61.4,14340,17.749853497986958
61.45,14343,17.794206804463073
61.5,14344,17.82711317067348
61.6,14375,17.817898506838564
61.65,14383,17.849604426989412
61.7,14394,17.89411302076747
61.75,14395,17.877346307547995
61.8,14403,17.90618498731653
61.85,14411,17.939233935706394
61.9,14425,17.967385318960574
61.95,14428,17.97731136182494
62.05,14434,17.992797331154485
62.1,14445,18.03727205538576
62.15,14455,18.066200989693428
62.2,14464,18.067968474623815
62.25,14476,18.096264559295104
62.3,14477,18.08735958618615
62.35,14478,18.12034310381567
62.4,14479,18.091766171383046
62.45,14496,18.136342404134304
62.5,14498,18.146414191238996
62.55,14506,18.175486452912338
62.6,14516,18.15905887429192
62.65,14527,18.187530074201938
62.7,14532,18.189549769029465
62.75,14547,18.234255646995848
62.8,14556,18.267263090019807
62.85,14557,18.296510765717052
62.9,14578,18.325161478142558
62.95,14581,18.324938739324615
63.0,14598,18.369707237732452
63.05,14600,18.372046695999874
63.1,14609,18.4051722947654
63.15,14626,18.434565853309373
63.2,14629,18.463366453602113
63.25,14631,18.494173541956396
63.3,14634,18.50415436597955
63.35,14651,18.50684009224697
63.4,14659,18.551480242826987
63.45,14662,18.539090263548538
63.5,14678,18.572228191576798
63.55,14679,18.601667554281253
63.6,14681,18.601628831906094
63.65,14684,18.630454696544575
63.7,14689,18.640671683177082
63.75,14692,18.67144340965636
63.8,14703,18.67438793642244
63.85,14712,18.660844412834056
63.9,14730,18.694074761806213
63.95,14735,18.72311736330251
64.0,14736,18.752601526188304
64.05,14741,18.76308470907702
64.1,14752,18.807269849715027
64.15,14754,18.795201786626286
64.2,14755,18.826001508551943
64.25,14756,18.829202399464506
64.3,14764,18.829317162340217
64.35,14769,18.816140364059784
64.4,14786,18.845275142592104
64.45,14792,18.856012404535583
64.5,14796,18.88910278440985
64.55,14797,18.918556704992056
64.65,14807,18.952944103753378
64.7,14816,18.996889871765852
64.8,14836,18.985511444256645
64.85,14843,18.996472783124766
64.9,14846,18.987180706992813
64.95,14858,18.99101186877624
65.0,14859,19.024119848234765
65.05,14861,19.055129173007458
65.1,14867,19.099141530445817
65.15,14870,19.103352433538987
65.2,14884,19.092452456402764
65.25,14894,19.103654074548142
65.3,14905,19.104269910153594
65.35,14914,19.10837916203255
65.4,14923,19.15262016539773
65.45,14929,19.141121069571657
65.5,14931,19.136115488781936
65.55,14937,19.140619315999153
65.65,14946,19.135500678059092
65.7,14965,19.139929383359803
65.75,14967,19.12927617553785
65.8,14972,19.120098870037253
65.85,14974,19.164588443272137
65.9,14981,19.165402766443496
65.95,15010,19.154162049016914
66.0,15016,19.158937340050986
66.05,15028,19.203737026943475
66.1,15029,19.21544855578448
66.15,15032,19.199135454493778
66.2,15048,19.203799540715895
66.25,15062,19.23242197436402
66.3,15067,19.237527304723965
66.35,15079,19.282493049395868
66.4,15083,19.31490251593313
66.45,15084,19.32686968445744
66.5,15099,19.33185071326592
66.6,15110,19.357121149592466
66.65,15130,19.402156225533282
66.7,15134,19.43471205858219
66.75,15144,19.446951200638107
66.8,15146,19.43792388090868
66.85,15150,19.443197530241775
66.9,15151,19.471640691015228
66.95,15181,19.51675597531516
67.0,15183,19.547008364453113
67.05,15185,19.579642177527145
67.1,15203,19.608279251377464
67.15,15208,19.620703815103067
67.2,15232,19.665843404237716
67.25,15236,19.698670386602238
67.3,15244,19.728984586136203
67.35,15254,19.75776976786601
67.4,15262,19.77046471886789
67.45,15270,19.797200706160453
67.5,15282,19.788478769223268
67.55,15301,19.76029725990983
67.6,15307,19.790856757604
67.65,15313,19.803894218057216
67.7,15339,19.84885913094251
67.75,15362,19.879693131434397
67.8,15364,19.893082737474348
67.85,15388,19.88230173294832
67.9,15413,19.913493897355128
67.95,15415,19.927270455333314
68.0,15420,19.972294209729636
68.05,15456,19.961940882589545
68.1,15466,19.976092691014426
68.15,15478,20.004618321777595
68.2,15487,20.004774350139517
68.25,15491,20.049983316701287
68.3,15499,20.032839658920047
68.35,15516,20.065018370288122
68.4,15526,20.04304855055737
68.45,15531,20.03301943791799
68.5,15560,20.078523551297287
68.55,15567,20.10480210795421
68.6,15582,20.13579268864278
68.65,15584,20.126191547334532
68.75,15590,20.15508846420675
68.8,15604,20.187333969595887
68.85,15613,20.232799564074167
68.9,15641,20.223600648746995
68.95,15643,20.2072459231831
69.0,15649,20.193232331650123
69.05,15655,20.219599298700256
69.1,15662,20.248279907192114
69.15,15665,20.293940233478565
69.2,15666,20.324831433495333
69.25,15682,20.325433894507636
69.3,15699,20.316560555369602
69.35,15706,20.34309814654592
69.4,15716,20.388899411199215
69.45,15729,20.41999970127325
69.5,15733,20.403072807790497
69.55,15735,20.431754398484728
69.6,15745,20.403967143670855
69.65,15760,20.395434052748175
69.75,15767,20.468104137901975
69.8,15770,20.45436317268274
69.85,15771,20.442468789263195
69.9,15782,20.473745705170803
70.0,15786,20.506134106652084
70.05,15806,20.496987578666285
70.1,15818,20.523876807270113
70.15,15821,20.56985916821017
70.2,15833,20.601269009456672
70.25,15837,20.63028024530932
70.3,15841,20.63410886857002
70.35,15852,20.62068811169986
70.4,15869,20.647741842632573
70.45,15875,20.693773841423894
70.5,15879,20.6877512552718
70.55,15880,20.671020386038034
70.6,15888,20.700235438274607
70.65,15891,20.688575257856687
70.7,15892,20.720036891859046
70.75,15897,20.723640389661266
70.8,15903,20.75453985999208
70.85,15911,20.758553759835962
70.9,15913,20.745421837118663
70.95,15921,20.77252117100858
71.0,15939,20.801870685109066
71.05,15941,20.8477466360276
71.1,15947,20.879244411616046
71.15,15965,20.866533641216023
71.2,15972,20.89382063673372
71.3,15983,20.88899367609651
71.35,15986,20.8890741345805
71.4,15992,20.93505718167495
71.45,15993,20.92361966295507
71.5,15994,20.954361741651784
71.55,16007,20.983662878534812
71.6,16016,20.987289753562745
71.65,16020,20.9748734012866
71.7,16023,21.002248279648537
71.75,16025,20.996199822825083
71.8,16043,21.04222262024618
71.85,16047,21.046637978546595
71.9,16050,21.07747402323153
71.95,16062,21.10687726311024
72.0,16074,21.134399258081594
72.05,16076,21.123251544210706
72.1,16082,21.11753335974635
72.15,16089,21.121341865516023
72.2,16095,21.167364805284567
72.25,16104,21.198319721147712
72.3,16114,21.227849650871374
72.35,16125,21.2555087024517
72.4,16133,21.250142474816492
72.45,16143,21.239326820782246
72.55,16152,21.28945964086454
72.6,16161,21.320530087218753
72.65,16165,21.350183376261665
72.7,16176,21.377976162396664
72.75,16202,21.408402252386793
72.8,16205,21.41276452959776
72.85,16211,21.385241504364636
72.9,16215,21.385073093164774
72.95,16216,21.41495094087306
73.0,16220,21.446108271665512
73.05,16227,21.474067611889463
73.1,16245,21.450988956222975
73.15,16256,21.455633530613817
73.2,16266,21.486195493851394
73.25,16267,21.51624537413533
73.3,16271,21.547568234025853
73.35,16273,21.538284291001453
73.45,16278,21.544169415412604
73.5,16303,21.534817110902058
73.55,16311,21.534805961512628
73.6,16317,21.539677694895992
73.65,16326,21.570365462828857
73.75,16329,21.581760609366416
73.8,16354,21.62698140749189
73.85,16361,21.617953700570276
73.9,16374,21.623117610557458
73.95,16379,21.653997593977884
74.0,16382,21.64491459904612
74.05,16403,21.645125358842346
74.1,16406,21.690523995514724
74.15,16418,21.681832814593882
74.2,16426,21.6872915044733
74.25,16444,21.670578926276978
74.3,16462,21.716278152574855
74.35,16477,21.716797788808552
74.4,16481,21.722601391177808
74.45,16486,21.714232655104343
74.5,16495,21.70539610327349
74.55,16499,21.7363359331788
74.6,16513,21.782205838711555
74.65,16550,21.79273003090709
74.7,16557,21.784718882739796
74.75,16565,21.830861068679816
74.8,16571,21.861513506617055
74.85,16591,21.848626917955276
74.9,16607,21.859448648124687
74.95,16614,21.88867898709285
75.0,16617,21.93493086380716
75.05,16622,21.9272563673616
75.15,16659,21.91095694395842
75.2,16668,21.95751180803508
75.25,16690,21.988227918593164
75.3,16701,21.98221046209866
75.35,16706,22.0128484799219
75.4,16715,22.024243623788763
75.45,16720,22.07088588616234
75.5,16756,22.065239178400038
75.6,16757,22.087382533926466
75.65,16762,22.07601998096577
75.7,16766,22.10681037146698
75.75,16767,22.118439343678837
75.8,16772,22.16516502983905
75.85,16796,22.194036005197425
75.9,16812,22.22500859842353
75.95,16814,22.21963878644295
76.0,16824,22.266497165023505
76.05,16838,22.297304496283846
76.1,16861,22.32632722146659
76.15,16862,22.31874427919277
76.2,16863,22.295635375561734
76.25,16868,22.32674662820358
76.3,16875,22.315656584559637
76.35,16877,22.362592922109904
76.4,16888,22.362646605444535
76.45,16895,22.357524634896414
76.5,16898,22.388442643471205
76.55,16926,22.419724971551275
76.6,16928,22.466764502259775
76.65,16937,22.495760716188283
76.7,16946,22.473474871501292
76.75,16951,22.50455365031708
76.85,16952,22.491064052196375
76.9,16980,22.52248101786302
76.95,16990,22.52485817491422
77.0,16995,22.502046306947285
77.05,17002,22.531252867960976
77.1,17003,22.526744798128288
77.15,17016,22.515817244772617
77.2,17017,22.562826702343834
77.25,17031,22.594420174016413
77.3,17060,22.58133514210353
77.35,17068,22.6285692477452
77.4,17082,22.66043131098788
77.45,17092,22.66300588624554
77.5,17110,22.69393090674244
77.55,17115,22.671903400464632
77.6,17118,22.661278940077498
77.65,17121,22.648508167206064
77.7,17125,22.63146572363354
77.75,17129,22.63137024132653
77.8,17146,22.678733051032633
77.85,17149,22.670124176986764
77.9,17155,22.652165265157326
77.95,17175,22.677833137228966
78.0,17197,22.725437201514957
78.05,17199,22.712956210057726
78.1,17201,22.715672809758466
78.15,17204,22.746674003027344
78.2,17211,22.751032961164636
78.25,17219,22.743127115680462
78.3,17230,22.74322212880136
78.35,17251,22.790963520658796
78.4,17252,22.778792487750533
78.45,17255,22.781775255673114
78.5,17264,22.812960263850016
78.55,17270,22.838615627922806
78.6,17272,22.830172211352238
78.65,17302,22.878026011874358
78.7,17303,22.86619532847561
78.75,17306,22.870720474003438
78.8,17316,22.90207791446008
78.85,17317,22.902360974362445
78.9,17323,22.89465420573108
78.95,17334,22.9259160733001
79.0,17344,22.951675320115523
79.05,17354,22.999526860350844
79.1,17360,22.98800937880442
79.15,17368,22.979808924357922
79.2,17376,23.01126812672435
79.25,17387,23.00386921802504
79.3,17396,23.004380643694798
79.35,17402,23.009045573426118
79.4,17406,23.05704879640931
79.45,17415,23.04583094184282
79.5,17422,23.071664439307362
79.55,17425,23.04416394230869
79.6,17433,23.07578512640469
79.65,17440,23.068656705582143
79.75,17457,23.147871759624035
79.8,17459,23.15273592472388
79.85,17474,23.178719597941555
79.9,17475,23.17069026162147
79.95,17482,23.17134307285618
80.0,17485,23.160367181890702
80.05,17496,23.18791624532053
80.1,17497,23.219548471062048
80.15,17508,23.267633360528954
80.2,17510,23.27272009886253
80.25,17525,23.303763279779513
80.3,17527,23.329805159923644
80.35,17559,23.377991919752215
80.4,17561,23.383383228267032
80.5,17564,23.41584856459402
80.55,17578,23.442073197565097
80.6,17580,23.419088521972835
80.65,17597,23.411244183084328
80.7,17610,23.45952976510825
80.75,17624,23.46516837783185
80.8,17626,23.438027152471687
80.85,17629,23.464513508700747
80.95,17641,23.48464238177792
81.0,17661,23.5330630390521
81.05,17680,23.559768670341395
81.1,17690,23.565648202415307
81.15,17691,23.558056503030972
81.25,17712,23.59943980267328
81.3,17716,23.63043987741235
81.35,17717,23.639450632364532
81.4,17720,23.616739385444383
81.45,17726,23.61107595599997
81.5,17729,23.64238575101929
81.55,17731,23.66917091492644
81.6,17741,23.675226106628845
81.65,17762,23.657725719096497
81.7,17763,23.706319511893867
81.75,17777,23.737402532711958
81.8,17782,23.764383703349008
81.85,17790,23.757381046739976
81.9,17791,23.783895374811923
81.95,17805,23.815199764016253
82.05,17806,23.81882893426962
82.1,17810,23.81940350218703
82.15,17822,23.825601906352748
82.2,17833,23.85272489255682
82.25,17837,23.901103049859437
82.3,17846,23.927698944946627
82.35,17863,23.959055953855945
82.4,17873,23.965518796804712
82.45,17884,23.992783827642842
82.5,17888,23.987589541260707
82.55,17893,23.970357273098788
82.6,17897,23.947879638915843
82.65,17908,23.95705161742571
82.7,17915,24.00543956689816
82.75,17916,24.03693489195326
82.8,17924,24.04361646674642
82.85,17925,24.016709062650527
82.9,17931,24.008959977475076
82.95,17941,24.001988663442035
83.0,17946,24.002598859290213
83.05,17948,24.02918233731643
83.1,17970,24.038543034052626
83.15,17975,24.086986573666703
83.2,17976,24.0938934338143
83.25,17990,24.125472326982532
83.3,17994,24.11879351874799
83.35,18009,24.14552749889718
83.4,18024,24.138018709082154
83.45,18026,24.18654096393281
83.5,18027,24.193697278423567
83.55,18051,24.22542358350004
83.6,18057,24.234906626599575
83.65,18060,24.264956340368716
83.7,18067,24.242712241001417
83.75,18077,24.291302126481405
83.85,18078,24.325437924115572
83.9,18103,24.35724892511467
83.95,18104,24.357869935608075
84.0,18122,24.367537914200522
84.05,18129,24.394511099835547
84.1,18130,24.443054620893843
84.15,18131,24.450666129985088
84.2,18141,24.443329658620566
84.25,18153,24.473280429889247
84.3,18164,24.461985708441574
84.35,18180,24.489129388363313
84.4,18181,24.537759702140693
84.45,18182,24.545615734790598
84.5,18187,24.555405351979022
84.55,18211,24.556177792970956
84.6,18217,24.5823384404332
84.65,18221,24.5830709676395
84.7,18226,24.556422231261617
84.75,18228,24.533639905240314
84.8,18231,24.56091946161625
84.85,18232,24.609622552977115
84.9,18233,24.61767022282978
84.95,18238,24.647526038123992
85.0,18258,24.657469943203825
85.05,18259,24.650253463199924
85.1,18281,24.681568005294963
85.15,18282,24.70893688931193
85.2,18285,24.69778882410326
85.25,18299,24.72781977854093
85.3,18300,24.72868392777909
85.35,18311,24.738847551977837
85.4,18312,24.787375399585976
85.55,18333,24.776940969377154
85.6,18339,24.750539775932157
85.65,18348,24.781901989153294
85.7,18352,24.75934653418785
85.75,18356,24.752276157961713
85.8,18358,24.782415475493906
85.85,18365,24.831070903205116
85.9,18369,24.832086162865977
85.95,18380,24.842362121988316
86.0,18384,24.869998150381917
86.05,18388,24.85898026468503
86.1,18401,24.85953079203226
86.15,18414,24.89094859984247
86.2,18416,24.939642595674858
86.3,18422,24.971007684913317
86.35,18427,24.96415114118643
86.4,18434,24.97458426480809
86.45,18440,24.961919713836114
86.5,18464,24.944224742412818
86.55,18467,24.99306471403617
86.6,18469,25.024525953552047
86.65,18479,25.054778590121288
86.7,18494,25.047810778589014
86.75,18518,25.096755308206674
86.8,18527,25.128392483404102
86.85,18529,25.116034921937814
86.9,18533,25.14646391045866
86.95,18569,25.195521740976115
87.0,18571,25.196103032016676
87.05,18582,25.1894221410496
87.1,18585,25.21435446724742
87.15,18587,25.24495027129188
87.2,18590,25.276629933596762
87.25,18620,25.32570107617951
87.3,18644,25.3576207243503
87.4,18661,25.344853899756455
87.45,18671,25.39409576653597
87.5,18699,25.419054034326294
87.55,18721,25.42622228723724
87.65,18722,25.502332328632217
87.7,18723,25.496240209097497
87.75,18730,25.489374237120845
87.8,18731,25.52127733480438
87.85,18752,25.521907652054537
87.9,18772,25.52929155303766
87.95,18828,25.559585516983642
88.0,18838,25.584570037426854
88.1,18841,25.600293732689867
88.15,18846,25.60793631279178
88.2,18847,25.657141165765136
88.25,18876,25.63477511116491
88.3,18878,25.63560868791689
88.35,18894,25.628929946449187
88.4,18909,25.66080924678721
88.5,18912,25.716178487481375
88.55,18917,25.76541891373008
88.6,18946,25.792214856425183
88.65,18947,25.781367578156132
88.7,18965,25.806621181394515
88.75,18970,25.8559865215002
88.8,18971,25.887808806463315
88.85,18983,25.875442763361555
88.9,19005,25.90238443078165
88.95,19006,25.90333916312721
89.0,19015,25.933548002539105
89.05,19016,25.95889404038623
89.1,19021,26.008210380570205
89.15,19023,26.001701217420376
89.2,19030,25.995171951729798
89.25,19032,25.984557240792075
89.3,19036,25.99203140964553
89.35,19050,26.02385340797938
89.4,19058,26.01762501074992
89.45,19064,26.044585537113083
89.5,19069,26.07002623704088
89.55,19072,26.11933498004878
89.6,19087,26.12702790598272
89.65,19098,26.157106915712216
89.7,19101,26.134635884205466
89.75,19112,26.166504676780963
89.8,19116,26.19355029010004
89.85,19120,26.219084541608233
89.9,19121,26.21931347690095
89.95,19123,26.26856135763814
90.0,19144,26.262537272700822
90.05,19147,26.25612773811096
90.1,19156,26.286259969801712
90.15,19158,26.28712769018327
90.2,19160,26.294917622993232
90.25,19167,26.32203196943579
90.3,19171,26.347642186730862
90.35,19174,26.39686894690353
90.4,19177,26.42854871535703
90.45,19193,26.41621766642605
90.5,19204,26.41659031745013
90.55,19212,26.42457832776144
90.6,19214,26.418735230892484
90.65,19225,26.46808376516895
90.7,19229,26.49811994840388
90.75,19234,26.47592021063668
90.8,19263,26.484162301269787
90.85,19265,26.457921955437087
90.9,19275,26.45161422673482
90.95,19276,26.501155216329725
91.0,19277,26.501707869493995
91.05,19278,26.489555900392137
91.1,19280,26.519785051919254
91.15,19315,26.52824883402596
91.2,19318,26.529090538501315
91.25,19327,26.57874005666935
91.3,19338,26.579544029196583
91.35,19351,26.573463948081738
91.4,19366,26.58218161099649
91.45,19377,26.613622748509833
91.5,19393,26.614714351275683
91.55,19401,26.607848236939407
91.6,19417,26.61684329893385
91.65,19421,26.617880648165812
91.7,19463,26.611322116723173
91.75,19468,26.620622663641807
91.8,19482,26.628819966344732
91.85,19487,26.61679819587622
91.9,19494,26.60583588613596
91.95,19495,26.60712633487502
92.0,19510,26.587094764189636
92.05,19513,26.588350001457403
92.1,19515,26.582000963057688
92.15,19533,26.631587902338826
92.2,19544,26.62557381165709
92.25,19546,26.62711578447805
92.3,19551,26.65855796550143
92.35,19560,26.684906936318885
92.4,19572,26.67883286802479
92.45,19575,26.687138246728516
92.5,19579,26.66878737400709
92.55,19580,26.657972537310478
92.6,19584,26.707616202124814
92.65,19598,26.70936918386505
92.7,19607,26.71074451976208
92.75,19615,26.742285897058238
92.8,19621,26.766955837375306
92.85,19627,26.7610977764366
92.9,19641,26.787507222584182
92.95,19644,26.837143883058793
93.0,19645,26.82516177024847
93.05,19659,26.80527522335855
93.1,19662,26.807218863582246
93.15,19678,26.8016204398167
93.2,19687,26.83110427843028
93.25,19695,26.880910531453353
93.3,19697,26.869198142110598
93.35,19720,26.871405214465433
93.4,19721,26.897884883388127
93.45,19729,26.892555322988553
93.5,19746,26.942515324297393
93.55,19749,26.916115243474493
93.6,19752,26.904668055934078
93.65,19757,26.934235207259924
93.75,19772,26.891626782327616
93.8,19775,26.922938413182163
93.85,19776,26.92531942614609
93.9,19793,26.919121218940266
93.95,19796,26.94571438652165
94.0,19799,26.946970738841873
94.05,19817,26.976705132391537
94.15,19827,26.96844441564993
94.2,19840,26.99988038492023
94.25,19841,27.024155250442146
94.3,19847,27.050875934061725
94.35,19865,27.031404147768576
94.4,19878,27.03429072862834
94.5,19898,27.091106954127948
94.55,19901,27.085070791858744
94.6,19903,27.116584062156495
94.65,19911,27.093863109567817
94.7,19922,27.08316482245013
94.75,19927,27.107542253033564
94.8,19945,27.10071240392031
94.85,19949,27.127871022253107
94.9,19950,27.17725709485783
94.95,19956,27.15801737608988
95.0,19962,27.187891863842626
95.05,19963,27.21948015300806
95.1,19991,27.220688587910484
95.15,19998,27.20917540463143
95.2,20000,27.23645507036479
95.25,20001,27.285873396319936
95.3,20010,27.31022813526097
95.35,20014,27.299737767971322
95.4,20015,27.329668186789238
95.45,20018,27.361303400971234
95.5,20048,27.354642238567113
95.55,20049,27.348664241604194
95.6,20052,27.398108022270442
95.65,20060,27.386844765324827
95.7,20071,27.41132001199504
95.75,20073,27.44310607420377
95.8,20103,27.49265947121158
95.85,20118,27.482413471163703
95.9,20121,27.471446980455905
95.95,20122,27.496108884713124
96.0,20145,27.497340089543208
96.05,20154,27.547057407280363
96.1,20173,27.57194775854618
96.15,20178,27.56615624638299
96.2,20205,27.61604527806253
96.25,20207,27.60605381071333
96.3,20218,27.637772283597673
96.35,20222,27.627058659944236
96.4,20224,27.652120121249297
96.45,20229,27.681652186963113
96.5,20246,27.662919513312396
96.55,20254,27.656313633599108
96.6,20256,27.70624830611319
96.65,20275,27.731497943674086
96.75,20280,27.7285886947028
96.8,20287,27.722951156036757
96.85,20298,27.75469175112561
96.9,20299,27.73171439345213
96.95,20307,27.781738242953764
97.0,20313,27.811288067977
97.1,20329,27.837831079306447
97.15,20335,27.827608632435513
97.2,20347,27.821162678795435
97.25,20358,27.871267194011825
97.3,20367,27.903028380446443
97.35,20380,27.928547155195876
97.4,20383,27.923087565668666
97.45,20386,27.900403792776903
97.5,20390,27.93
97.55,20406,27.920017689822473
97.6,20408,27.921367788845874
97.65,20419,27.95329537281785
97.75,20421,27.9545322085704
97.8,20425,27.935879381182904
97.85,20427,27.929578768753387
97.9,20431,27.95522790463351
97.95,20442,27.984954882936655
98.0,20465,27.974837693899136
98.05,20467,27.969507321366958
98.1,20482,27.99539432120934
98.15,20486,27.996895152855785
98.2,20487,28.004552429917528
98.25,20493,28.03446691128618
98.3,20494,28.011924760715736
98.35,20500,28.00581272164762
98.4,20519,27.99590890112339
98.45,20526,28.002108845585184
98.5,20533,28.028171328147682
98.55,20538,28.036042727175317
98.6,20544,28.066146069597796
98.65,20545,28.097909142852604
98.7,20553,28.079385762512683
98.75,20557,28.1288596107272
98.8,20561,28.122960811408173
98.85,20576,28.124557280071095
98.9,20585,28.150711095814255
98.95,20592,28.158752880765157
99.0,20594,28.184159380758548
99.05,20626,28.174437559603557
99.1,20630,28.16878696713794
99.2,20636,28.20139650442864
99.25,20642,28.25082666047137
99.3,20643,28.259060861960716
99.35,20650,28.284597967798657
99.4,20653,28.31620079036028
99.45,20659,28.306049314589977
99.5,20677,28.30775420269153
99.55,20682,28.309102772783174
99.6,20688,28.33552687352045
99.7,20693,28.379453144837022
99.8,20695,28.3782686716438
99.85,20711,28.407924848534783
99.9,20716,28.439559476194425
99.95,20724,28.445831536448356
100.0,20740,28.47233113041501
100.05,20741,28.47384055233856
100.1,20745,28.44698787569608
100.2,20746,28.504896646015045
100.25,20766,28.49487980322079
100.3,20768,28.524599923574733
100.35,20770,28.556290273773303
100.4,20782,28.546913864724498
100.45,20791,28.573504576792818
100.5,20792,28.575193507656255
100.6,20797,28.63324548841783
100.65,20804,28.63957573358935
100.7,20843,28.62979051268102
100.75,20848,28.6387709058891
100.8,20852,28.688267650731365
100.85,20857,28.69016741324456
100.9,20869,28.69673610709064
100.95,20889,28.72168344300173
101.0,20899,28.73088581996733
101.05,20922,28.724024018232544
101.1,20934,28.75357409436259
101.15,20941,28.755703333425878
101.2,20950,28.765161928972343
101.25,20960,28.733518110388086
101.3,20962,28.727576312665146
101.35,20964,28.752697303035763
101.4,20993,28.75507710300913
101.45,21002,28.76478631591064
101.5,21016,28.794494682143668
101.55,21035,28.785145818633612
101.6,21040,28.78645534274757
101.65,21044,28.78908255224539
101.75,21053,28.830285864000725
101.8,21072,28.855500494706373
101.85,21078,28.885331678898893
101.9,21079,28.879554137832525
101.95,21095,28.882405644267234
102.0,21104,28.892554058096003
102.05,21108,28.869767089465753
102.1,21129,28.901162038921544
102.15,21138,28.8943074358947
102.2,21143,28.924314422298753
102.25,21146,28.927393919950685
102.3,21154,28.92182402269953
102.35,21155,28.93217437732601
102.4,21179,28.91195993356383
102.45,21180,28.937219558900264
102.5,21183,28.927933420830456
102.55,21196,28.958121137256118
102.6,21198,28.989586047406746
102.65,21205,28.992857365220143
102.7,21206,29.003397607866564
102.75,21211,28.98444229237471
102.8,21228,28.98567654549398
102.85,21237,29.01107061450852
102.9,21242,29.00101334781252
102.95,21250,29.04951269470798
103.0,21251,29.081076871395247
103.05,21253,29.111270734888908
103.1,21258,29.12196599132689
103.15,21259,29.125387314162875
103.2,21266,29.11626014446223
103.25,21284,29.092592029587184
103.3,21299,29.118074263247554
103.35,21301,29.11945126886838
103.4,21306,29.14981953975016
103.45,21309,29.160714734039008
103.5,21312,29.164345560975647
103.55,21316,29.1544564655217
103.6,21321,29.202816083384835
103.65,21323,29.193894056805785
103.7,21359,29.21948515631307
103.8,21360,29.261034240094798
103.85,21364,29.26486593511065
103.9,21368,29.290001556845297
103.95,21376,29.281335690162773
104.0,21385,29.329682575847965
104.1,21411,29.366628393467302
104.15,21415,29.370675208445576
104.2,21434,29.362278467448668
104.25,21436,29.410737205993325
104.3,21437,29.40427902193828
104.4,21462,29.441587919132346
104.45,21466,29.44585274363777
104.5,21468,29.4709643547679
104.55,21493,29.519472417372224
104.6,21496,29.513265817255803
104.7,21513,29.519025065201593
104.75,21514,29.54496842103575
104.8,21519,29.521465085594915
104.9,21521,29.518634643221564
104.95,21526,29.495712702018235
105.0,21543,29.52094456483396
105.05,21547,29.55166397683893
105.1,21550,29.581685942488136
105.15,21555,29.630142392502943
105.2,21565,29.656166657206388
105.25,21573,29.660789183701766
105.3,21588,29.653737720563996
105.35,21606,29.702335298760595
105.4,21612,29.732431235941668
105.45,21614,29.763125974937513
105.5,21616,29.78925974239709
105.55,21626,29.814388133919497
105.6,21631,29.808565131518822
105.65,21636,29.809491411293816
105.7,21646,29.78687390109945
105.75,21658,29.83544775933487
105.8,21664,29.828598572510902
105.85,21671,29.858744149746148
105.95,21679,29.914722726443582
106.0,21689,29.887590066781893
106.05,21690,29.87745818840686
106.1,21709,29.926093617443623
106.15,21722,29.95636550384576
106.2,21727,29.949736372796334
106.25,21732,29.98059303949806
106.3,21742,29.95727118413825
106.35,21748,29.98264314899539
106.4,21774,30.01309799404253
106.45,21775,30.06172163732477
106.5,21787,30.0553394257992
106.55,21799,30.08088409272573
106.65,21812,30.044081383859947
106.7,21814,30.038270935591484
106.8,21826,30.112834287061048
106.85,21840,30.106670260923906
106.9,21858,30.137477784313667
106.95,21860,30.142122085214904
107.0,21868,30.16776836293994
107.05,21877,30.216588089987923
107.1,21894,30.210683659924012
107.15,21895,30.205080138943515
107.2,21943,30.196279320472577
107.25,21952,30.190641314818073
107.35,21956,30.24733922512855
107.4,21967,30.27752782510488
107.45,21982,30.282309221722173
107.5,21996,30.307995314768018
107.55,22003,30.29943042038909
107.6,22004,30.2940176800635
107.7,22007,30.36864884712522
107.75,22022,30.398922332872257
107.8,22025,30.429781149393758
107.85,22042,30.43030979467676
107.9,22043,30.440920209481174
107.95,22046,30.4458336689932
108.0,22047,30.47153950820339
108.05,22056,30.466330724260178
108.1,22074,30.45795224896119
108.15,22075,30.4839156638382
108.2,22076,30.532497257839886
108.25,22078,30.509927810468515
108.3,22081,30.54020276291564
108.35,22088,30.5710603381695
108.4,22095,30.56104506066505
108.45,22098,30.586826769052056
108.5,22107,30.58181034536706
108.55,22121,30.586826769052056
108.6,22123,30.58743119648984
108.65,22129,30.61344165885306
108.7,22140,30.644429196837716
108.75,22142,30.67474360121042
108.8,22166,30.669960756414408
108.85,22180,30.696151586151643
108.9,22182,30.701352660754214
108.95,22193,30.74966880797255
109.0,22195,30.780737612994265
109.05,22203,30.77370871052106
109.1,22204,30.804098545485797
109.15,22227,30.78082341653647
109.2,22232,30.807122630976107
109.25,22239,30.807831845165605
109.35,22245,30.80328012079233
109.4,22246,30.834481789062067
109.45,22257,30.86501404179172
109.5,22258,30.859109189994445
109.55,22259,30.83824255368648
109.6,22260,30.848494731509994
109.65,22279,30.89667403135813
109.7,22283,30.9230300067765
109.85,22292,30.86681872496743
109.9,22297,30.89811164456495
109.95,22318,30.928736343407238
110.0,22322,30.934177732727917
110.05,22328,30.924388753862218
110.1,22334,30.950907308187272
110.15,22362,30.999082344482396
110.2,22363,30.992366363348253
110.25,22368,30.993071338607276
110.3,22369,30.98725287598111
110.35,22373,31.01797534011529
110.4,22376,31.049270574362925
110.45,22377,31.054860936735807
110.5,22389,31.028260988975834
110.55,22411,31.031348340025442
110.6,22413,31.079568645655307
110.65,22426,31.110416040291074
110.7,22432,31.11622690494462
110.75,22440,31.14762384195622
110.8,22447,31.14846405202028
110.85,22463,31.127698825965272
110.9,22476,31.17598574544195
110.95,22485,31.18201539028547
111.0,22499,31.213576917745268
111.05,22512,31.223567441917968
111.1,22525,31.249832114749033
111.15,22530,31.244107575669368
111.2,22540,31.25035457078847
111.25,22541,31.251361042361022
111.3,22547,31.29964128867933
111.35,22552,31.331283570897636
111.4,22573,31.32611043841862
111.45,22577,31.33624897463
111.5,22581,31.339321307265088
111.55,22596,31.36565745843692
111.65,22603,31.44571707244088
111.7,22619,31.476190379396296
111.75,22628,31.48649410461571
111.8,22630,31.487630282382312
111.85,22655,31.535990395102548
111.9,22662,31.56783691037446
111.95,22676,31.598420400393433
112.0,22678,31.624707808926864
112.05,22679,31.635175672026854
112.1,22713,31.63651901205314
112.15,22715,31.626613384932632
112.2,22719,31.65858109265164
112.25,22727,31.689289152645877
112.3,22732,31.6999629148048
112.35,22734,31.72636295259827
112.45,22764,31.798387566038627
112.5,22766,31.791447717900486
112.55,22778,31.822238824444767
112.6,22786,31.833079197589417
112.65,22790,31.82730868609534
112.7,22794,31.817598287740076
112.75,22807,31.808473698057245
112.8,22809,31.83494967484635
112.85,22838,31.84601190416156
112.9,22842,31.89411467967092
112.95,22853,31.924987263897226
113.0,22868,31.90257506847997
113.05,22870,31.929198608796927
113.1,22886,31.902846004706223
113.15,22900,31.904163023028826
113.2,22903,31.952388655623235
113.25,22904,31.983415186624452
113.3,22916,32.01499662345758
113.35,22922,32.04173656654707
113.4,22954,32.089994876908285
113.5,22960,32.10678028080673
113.55,22966,32.09779774065504
113.6,22971,32.07173339874227
113.65,22974,32.09863551928648
113.7,22980,32.100079140089356
113.75,22994,32.13171030306354
113.8,23005,32.180012753260364
113.85,23015,32.17036403586382
113.9,23017,32.1645793878919
113.95,23026,32.1916127554989
114.0,23037,32.21532939455997
114.05,23041,32.206526229942895
114.1,23053,32.238246590036496
114.15,23056,32.212430057355185
114.2,23057,32.26079026930369
114.25,23075,32.23853704807338
114.3,23077,32.23175156270599
114.35,23080,32.25890726915591
114.4,23086,32.28959465834156
114.45,23088,32.31340285082956
114.5,23108,32.36181991174167
114.55,23114,32.39355126873247
114.6,23116,32.387895442587805
114.65,23132,32.415127736907046
114.7,23140,32.41655726322584
114.75,23145,32.39100145102031
114.8,23150,32.41492774633317
114.85,23154,32.445630371438305
114.9,23172,32.43900663090656
114.95,23181,32.43325509103271
115.0,23183,32.46064164492132
115.05,23201,32.48473838281601
115.1,23224,32.533018538094495
115.15,23225,32.563816272052634
115.2,23234,32.59132885906925
115.25,23241,32.584926315706156
115.3,23252,32.60915210182564
115.35,23256,32.60360731882287
115.4,23277,32.63455915436886
115.45,23285,32.662232682411656
115.5,23299,32.63870836905161
115.55,23303,32.66311479023395
115.6,23314,32.65427058134969
115.65,23330,32.68539481480987
115.7,23334,32.67564549936237
115.75,23343,32.72374671396905
115.8,23345,32.72513341149276
115.85,23352,32.75642486902378
115.9,23354,32.780934080651214
115.95,23355,32.77553556846935
116.0,23364,32.8032219149278
116.05,23394,32.85134097415202
116.1,23401,32.842693665410565
116.15,23405,32.86735770030807
116.2,23414,32.869205843768114
116.25,23419,32.897032312960995
116.3,23427,32.89125866852772
116.4,23442,32.92724165793424
116.45,23446,32.97535449089213
116.5,23456,33.00010854527603
116.55,23457,32.97914049516754
116.65,23473,33.03785529056025
116.7,23482,33.03257145303708
116.75,23494,33.03395972329081
116.8,23497,33.08210605145929
116.85,23500,33.07243012238441
116.9,23502,33.10366890844578
116.95,23507,33.128486530477055
117.0,23508,33.133276807463524
117.05,23516,33.12761681437407
117.1,23533,33.15845604367007
117.15,23534,33.18635831482568
117.2,23548,33.23445725147321
117.25,23551,33.21372389540203
117.3,23558,33.23864715658566
117.35,23559,33.24360934375207
117.4,23568,33.27483173811702
117.45,23584,33.30572208795359
117.5,23589,33.33368836477595
117.55,23593,33.335409818989774
117.6,23598,33.33682869140374
117.65,23600,33.38486906069874
117.7,23602,33.375324070336745
117.75,23609,33.40028489399454
117.8,23611,33.40538119525056
117.85,23620,33.38486906069874
117.9,23624,33.41610317197383
117.95,23635,33.4470066194271
118.0,23643,33.47499831217322
118.05,23651,33.52301257047164
118.1,23654,33.53230071438582
118.15,23660,33.55731649283059
118.2,23686,33.58830446450073
118.25,23694,33.61639277197956
118.3,23695,33.61817116977066
118.35,23703,33.666180926858935
118.45,23705,33.669946299333475
118.5,23709,33.66110984504225
118.55,23711,33.66252925435045
118.6,23738,33.6935914856223
118.65,23745,33.72176297585878
118.7,23754,33.76981031631656
118.75,23775,33.76121335201091
118.8,23777,33.762841894603596
118.85,23779,33.772419549093605
118.9,23805,33.82062209954157
118.95,23833,33.83043889458131
119.0,23839,33.832291202341
119.05,23850,33.82390887818852
119.1,23856,33.872264984792494
119.15,23870,33.903262530322955
119.2,23879,33.879834545050535
119.25,23884,33.88983256081387
119.3,23902,33.920488451671794
119.35,23909,33.91345895363668
119.4,23912,33.905280815825726
119.45,23935,33.91549787044265
119.5,23964,33.9466398337155
119.55,23979,33.97745646454425
119.6,23987,33.98789200877277
119.65,24019,34.019207665670294
119.7,24038,34.029884407679084
119.75,24040,34.06085129587925
119.8,24045,34.05400588477074
119.85,24071,34.085486210409265
119.9,24091,34.09636753673329
119.95,24094,34.12749923155811
120.0,24111,34.12089236816645
120.05,24123,34.15253600832594
120.1,24148,34.18385535892639
120.15,24174,34.21569339060659
120.2,24183,34.20764366044525
120.25,24200,34.239151026274
120.3,24230,34.271175888784434
120.35,24239,34.264778916549275
120.4,24334,34.25864707194375
120.5,24414,34.27689221618553
